Year,Period,Label,Value,Month,Date,State
2019,M01,2019 Jan,3.6,01,2019-01-01,Alabama
2019,M02,2019 Feb,3.5,02,2019-02-01,Alabama
2019,M03,2019 Mar,3.3,03,2019-03-01,Alabama
2019,M04,2019 Apr,3.2,04,2019-04-01,Alabama
2019,M05,2019 May,3.1,05,2019-05-01,Alabama
2019,M06,2019 Jun,2.9,06,2019-06-01,Alabama
2019,M07,2019 Jul,2.9,07,2019-07-01,Alabama
2019,M08,2019 Aug,2.8,08,2019-08-01,Alabama
2019,M09,2019 Sep,2.8,09,2019-09-01,Alabama
2019,M10,2019 Oct,2.8,10,2019-10-01,Alabama
2019,M11,2019 Nov,2.7,11,2019-11-01,Alabama
2019,M12,2019 Dec,2.7,12,2019-12-01,Alabama
2020,M01,2020 Jan,2.7,01,2020-01-01,Alabama
2020,M02,2020 Feb,2.6,02,2020-02-01,Alabama
2020,M03,2020 Mar,2.6,03,2020-03-01,Alabama
2020,M04,2020 Apr,13.2,04,2020-04-01,Alabama
2020,M05,2020 May,7.9,05,2020-05-01,Alabama
2020,M06,2020 Jun,7.7,06,2020-06-01,Alabama
2020,M07,2020 Jul,7.4,07,2020-07-01,Alabama
2020,M08,2020 Aug,7.1,08,2020-08-01,Alabama
2020,M09,2020 Sep,6.7,09,2020-09-01,Alabama
2020,M10,2020 Oct,4.7,10,2020-10-01,Alabama
2020,M11,2020 Nov,4.7,11,2020-11-01,Alabama
2020,M12,2020 Dec,4.7,12,2020-12-01,Alabama
2021,M01,2021 Jan,4.3,01,2021-01-01,Alabama
2021,M02,2021 Feb,4.0,02,2021-02-01,Alabama
2021,M03,2021 Mar,3.8,03,2021-03-01,Alabama
2021,M04,2021 Apr,3.6,04,2021-04-01,Alabama
2021,M05,2021 May,3.4,05,2021-05-01,Alabama
2021,M06,2021 Jun,3.3,06,2021-06-01,Alabama
2021,M07,2021 Jul,3.2,07,2021-07-01,Alabama
2021,M08,2021 Aug,3.1,08,2021-08-01,Alabama
2021,M09,2021 Sep,3.1,09,2021-09-01,Alabama
2019,M01,2019 Jan,5.8,01,2019-01-01,Alaska
2019,M02,2019 Feb,5.7,02,2019-02-01,Alaska
2019,M03,2019 Mar,5.6,03,2019-03-01,Alaska
2019,M04,2019 Apr,5.5,04,2019-04-01,Alaska
2019,M05,2019 May,5.4,05,2019-05-01,Alaska
2019,M06,2019 Jun,5.4,06,2019-06-01,Alaska
2019,M07,2019 Jul,5.4,07,2019-07-01,Alaska
2019,M08,2019 Aug,5.4,08,2019-08-01,Alaska
2019,M09,2019 Sep,5.3,09,2019-09-01,Alaska
2019,M10,2019 Oct,5.2,10,2019-10-01,Alaska
2019,M11,2019 Nov,5.0,11,2019-11-01,Alaska
2019,M12,2019 Dec,5.0,12,2019-12-01,Alaska
2020,M01,2020 Jan,5.0,01,2020-01-01,Alaska
2020,M02,2020 Feb,5.1,02,2020-02-01,Alaska
2020,M03,2020 Mar,5.1,03,2020-03-01,Alaska
2020,M04,2020 Apr,11.8,04,2020-04-01,Alaska
2020,M05,2020 May,11.6,05,2020-05-01,Alaska
2020,M06,2020 Jun,11.3,06,2020-06-01,Alaska
2020,M07,2020 Jul,11.0,07,2020-07-01,Alaska
2020,M08,2020 Aug,7.2,08,2020-08-01,Alaska
2020,M09,2020 Sep,7.0,09,2020-09-01,Alaska
2020,M10,2020 Oct,6.5,10,2020-10-01,Alaska
2020,M11,2020 Nov,6.5,11,2020-11-01,Alaska
2020,M12,2020 Dec,6.5,12,2020-12-01,Alaska
2021,M01,2021 Jan,6.6,01,2021-01-01,Alaska
2021,M02,2021 Feb,6.6,02,2021-02-01,Alaska
2021,M03,2021 Mar,6.7,03,2021-03-01,Alaska
2021,M04,2021 Apr,6.7,04,2021-04-01,Alaska
2021,M05,2021 May,6.6,05,2021-05-01,Alaska
2021,M06,2021 Jun,6.6,06,2021-06-01,Alaska
2021,M07,2021 Jul,6.6,07,2021-07-01,Alaska
2021,M08,2021 Aug,6.4,08,2021-08-01,Alaska
2021,M09,2021 Sep,6.3,09,2021-09-01,Alaska
2019,M01,2019 Jan,5.0,01,2019-01-01,Arizona
2019,M02,2019 Feb,5.0,02,2019-02-01,Arizona
2019,M03,2019 Mar,5.0,03,2019-03-01,Arizona
2019,M04,2019 Apr,4.9,04,2019-04-01,Arizona
2019,M05,2019 May,4.9,05,2019-05-01,Arizona
2019,M06,2019 Jun,4.9,06,2019-06-01,Arizona
2019,M07,2019 Jul,4.9,07,2019-07-01,Arizona
2019,M08,2019 Aug,4.8,08,2019-08-01,Arizona
2019,M09,2019 Sep,4.8,09,2019-09-01,Arizona
2019,M10,2019 Oct,4.7,10,2019-10-01,Arizona
2019,M11,2019 Nov,4.7,11,2019-11-01,Arizona
2019,M12,2019 Dec,4.7,12,2019-12-01,Arizona
2020,M01,2020 Jan,4.8,01,2020-01-01,Arizona
2020,M02,2020 Feb,4.9,02,2020-02-01,Arizona
2020,M03,2020 Mar,5.0,03,2020-03-01,Arizona
2020,M04,2020 Apr,14.2,04,2020-04-01,Arizona
2020,M05,2020 May,10.6,05,2020-05-01,Arizona
2020,M06,2020 Jun,10.7,06,2020-06-01,Arizona
2020,M07,2020 Jul,10.4,07,2020-07-01,Arizona
2020,M08,2020 Aug,7.0,08,2020-08-01,Arizona
2020,M09,2020 Sep,6.9,09,2020-09-01,Arizona
2020,M10,2020 Oct,6.8,10,2020-10-01,Arizona
2020,M11,2020 Nov,6.8,11,2020-11-01,Arizona
2020,M12,2020 Dec,6.8,12,2020-12-01,Arizona
2021,M01,2021 Jan,6.7,01,2021-01-01,Arizona
2021,M02,2021 Feb,6.9,02,2021-02-01,Arizona
2021,M03,2021 Mar,6.7,03,2021-03-01,Arizona
2021,M04,2021 Apr,6.7,04,2021-04-01,Arizona
2021,M05,2021 May,6.7,05,2021-05-01,Arizona
2021,M06,2021 Jun,6.8,06,2021-06-01,Arizona
2021,M07,2021 Jul,6.6,07,2021-07-01,Arizona
2021,M08,2021 Aug,6.2,08,2021-08-01,Arizona
2021,M09,2021 Sep,5.7,09,2021-09-01,Arizona
2019,M01,2019 Jan,3.6,01,2019-01-01,Arkansas
2019,M02,2019 Feb,3.6,02,2019-02-01,Arkansas
2019,M03,2019 Mar,3.5,03,2019-03-01,Arkansas
2019,M04,2019 Apr,3.4,04,2019-04-01,Arkansas
2019,M05,2019 May,3.4,05,2019-05-01,Arkansas
2019,M06,2019 Jun,3.5,06,2019-06-01,Arkansas
2019,M07,2019 Jul,3.5,07,2019-07-01,Arkansas
2019,M08,2019 Aug,3.5,08,2019-08-01,Arkansas
2019,M09,2019 Sep,3.5,09,2019-09-01,Arkansas
2019,M10,2019 Oct,3.5,10,2019-10-01,Arkansas
2019,M11,2019 Nov,3.5,11,2019-11-01,Arkansas
2019,M12,2019 Dec,3.6,12,2019-12-01,Arkansas
2020,M01,2020 Jan,3.7,01,2020-01-01,Arkansas
2020,M02,2020 Feb,3.8,02,2020-02-01,Arkansas
2020,M03,2020 Mar,3.9,03,2020-03-01,Arkansas
2020,M04,2020 Apr,10.0,04,2020-04-01,Arkansas
2020,M05,2020 May,8.5,05,2020-05-01,Arkansas
2020,M06,2020 Jun,7.8,06,2020-06-01,Arkansas
2020,M07,2020 Jul,7.1,07,2020-07-01,Arkansas
2020,M08,2020 Aug,6.5,08,2020-08-01,Arkansas
2020,M09,2020 Sep,5.9,09,2020-09-01,Arkansas
2020,M10,2020 Oct,5.6,10,2020-10-01,Arkansas
2020,M11,2020 Nov,5.3,11,2020-11-01,Arkansas
2020,M12,2020 Dec,4.9,12,2020-12-01,Arkansas
2021,M01,2021 Jan,4.6,01,2021-01-01,Arkansas
2021,M02,2021 Feb,4.5,02,2021-02-01,Arkansas
2021,M03,2021 Mar,4.4,03,2021-03-01,Arkansas
2021,M04,2021 Apr,4.4,04,2021-04-01,Arkansas
2021,M05,2021 May,4.4,05,2021-05-01,Arkansas
2021,M06,2021 Jun,4.4,06,2021-06-01,Arkansas
2021,M07,2021 Jul,4.3,07,2021-07-01,Arkansas
2021,M08,2021 Aug,4.2,08,2021-08-01,Arkansas
2021,M09,2021 Sep,4.0,09,2021-09-01,Arkansas
2019,M01,2019 Jan,4.3,01,2019-01-01,California
2019,M02,2019 Feb,4.3,02,2019-02-01,California
2019,M03,2019 Mar,4.2,03,2019-03-01,California
2019,M04,2019 Apr,4.1,04,2019-04-01,California
2019,M05,2019 May,4.1,05,2019-05-01,California
2019,M06,2019 Jun,4.1,06,2019-06-01,California
2019,M07,2019 Jul,4.1,07,2019-07-01,California
2019,M08,2019 Aug,4.1,08,2019-08-01,California
2019,M09,2019 Sep,4.1,09,2019-09-01,California
2019,M10,2019 Oct,4.1,10,2019-10-01,California
2019,M11,2019 Nov,4.1,11,2019-11-01,California
2019,M12,2019 Dec,4.2,12,2019-12-01,California
2020,M01,2020 Jan,4.2,01,2020-01-01,California
2020,M02,2020 Feb,4.3,02,2020-02-01,California
2020,M03,2020 Mar,4.5,03,2020-03-01,California
2020,M04,2020 Apr,16.0,04,2020-04-01,California
2020,M05,2020 May,15.6,05,2020-05-01,California
2020,M06,2020 Jun,14.1,06,2020-06-01,California
2020,M07,2020 Jul,13.2,07,2020-07-01,California
2020,M08,2020 Aug,12.3,08,2020-08-01,California
2020,M09,2020 Sep,10.6,09,2020-09-01,California
2020,M10,2020 Oct,9.8,10,2020-10-01,California
2020,M11,2020 Nov,8.7,11,2020-11-01,California
2020,M12,2020 Dec,9.3,12,2020-12-01,California
2021,M01,2021 Jan,9.0,01,2021-01-01,California
2021,M02,2021 Feb,8.5,02,2021-02-01,California
2021,M03,2021 Mar,8.3,03,2021-03-01,California
2021,M04,2021 Apr,8.0,04,2021-04-01,California
2021,M05,2021 May,7.7,05,2021-05-01,California
2021,M06,2021 Jun,7.6,06,2021-06-01,California
2021,M07,2021 Jul,7.6,07,2021-07-01,California
2021,M08,2021 Aug,7.5,08,2021-08-01,California
2021,M09,2021 Sep,7.5,09,2021-09-01,California
2019,M01,2019 Jan,3.0,01,2019-01-01,Colorado
2019,M02,2019 Feb,2.9,02,2019-02-01,Colorado
2019,M03,2019 Mar,2.8,03,2019-03-01,Colorado
2019,M04,2019 Apr,2.7,04,2019-04-01,Colorado
2019,M05,2019 May,2.6,05,2019-05-01,Colorado
2019,M06,2019 Jun,2.6,06,2019-06-01,Colorado
2019,M07,2019 Jul,2.6,07,2019-07-01,Colorado
2019,M08,2019 Aug,2.6,08,2019-08-01,Colorado
2019,M09,2019 Sep,2.5,09,2019-09-01,Colorado
2019,M10,2019 Oct,2.5,10,2019-10-01,Colorado
2019,M11,2019 Nov,2.5,11,2019-11-01,Colorado
2019,M12,2019 Dec,2.6,12,2019-12-01,Colorado
2020,M01,2020 Jan,2.7,01,2020-01-01,Colorado
2020,M02,2020 Feb,2.8,02,2020-02-01,Colorado
2020,M03,2020 Mar,4.7,03,2020-03-01,Colorado
2020,M04,2020 Apr,12.1,04,2020-04-01,Colorado
2020,M05,2020 May,11.6,05,2020-05-01,Colorado
2020,M06,2020 Jun,11.3,06,2020-06-01,Colorado
2020,M07,2020 Jul,7.4,07,2020-07-01,Colorado
2020,M08,2020 Aug,7.1,08,2020-08-01,Colorado
2020,M09,2020 Sep,7.0,09,2020-09-01,Colorado
2020,M10,2020 Oct,6.9,10,2020-10-01,Colorado
2020,M11,2020 Nov,6.9,11,2020-11-01,Colorado
2020,M12,2020 Dec,6.9,12,2020-12-01,Colorado
2021,M01,2021 Jan,6.6,01,2021-01-01,Colorado
2021,M02,2021 Feb,6.4,02,2021-02-01,Colorado
2021,M03,2021 Mar,6.4,03,2021-03-01,Colorado
2021,M04,2021 Apr,6.4,04,2021-04-01,Colorado
2021,M05,2021 May,6.2,05,2021-05-01,Colorado
2021,M06,2021 Jun,6.2,06,2021-06-01,Colorado
2021,M07,2021 Jul,6.1,07,2021-07-01,Colorado
2021,M08,2021 Aug,5.9,08,2021-08-01,Colorado
2021,M09,2021 Sep,5.6,09,2021-09-01,Colorado
2019,M01,2019 Jan,3.7,01,2019-01-01,Connecticut
2019,M02,2019 Feb,3.7,02,2019-02-01,Connecticut
2019,M03,2019 Mar,3.6,03,2019-03-01,Connecticut
2019,M04,2019 Apr,3.6,04,2019-04-01,Connecticut
2019,M05,2019 May,3.5,05,2019-05-01,Connecticut
2019,M06,2019 Jun,3.5,06,2019-06-01,Connecticut
2019,M07,2019 Jul,3.5,07,2019-07-01,Connecticut
2019,M08,2019 Aug,3.6,08,2019-08-01,Connecticut
2019,M09,2019 Sep,3.6,09,2019-09-01,Connecticut
2019,M10,2019 Oct,3.6,10,2019-10-01,Connecticut
2019,M11,2019 Nov,3.6,11,2019-11-01,Connecticut
2019,M12,2019 Dec,3.6,12,2019-12-01,Connecticut
2020,M01,2020 Jan,3.7,01,2020-01-01,Connecticut
2020,M02,2020 Feb,3.7,02,2020-02-01,Connecticut
2020,M03,2020 Mar,3.8,03,2020-03-01,Connecticut
2020,M04,2020 Apr,8.6,04,2020-04-01,Connecticut
2020,M05,2020 May,11.4,05,2020-05-01,Connecticut
2020,M06,2020 Jun,11.4,06,2020-06-01,Connecticut
2020,M07,2020 Jul,11.3,07,2020-07-01,Connecticut
2020,M08,2020 Aug,8.4,08,2020-08-01,Connecticut
2020,M09,2020 Sep,8.3,09,2020-09-01,Connecticut
2020,M10,2020 Oct,8.2,10,2020-10-01,Connecticut
2020,M11,2020 Nov,8.2,11,2020-11-01,Connecticut
2020,M12,2020 Dec,8.2,12,2020-12-01,Connecticut
2021,M01,2021 Jan,8.1,01,2021-01-01,Connecticut
2021,M02,2021 Feb,8.5,02,2021-02-01,Connecticut
2021,M03,2021 Mar,8.3,03,2021-03-01,Connecticut
2021,M04,2021 Apr,8.1,04,2021-04-01,Connecticut
2021,M05,2021 May,8.1,05,2021-05-01,Connecticut
2021,M06,2021 Jun,7.7,06,2021-06-01,Connecticut
2021,M07,2021 Jul,7.3,07,2021-07-01,Connecticut
2021,M08,2021 Aug,7.2,08,2021-08-01,Connecticut
2021,M09,2021 Sep,6.8,09,2021-09-01,Connecticut
2019,M01,2019 Jan,3.5,01,2019-01-01,Delaware
2019,M02,2019 Feb,3.5,02,2019-02-01,Delaware
2019,M03,2019 Mar,3.4,03,2019-03-01,Delaware
2019,M04,2019 Apr,3.4,04,2019-04-01,Delaware
2019,M05,2019 May,3.4,05,2019-05-01,Delaware
2019,M06,2019 Jun,3.5,06,2019-06-01,Delaware
2019,M07,2019 Jul,3.6,07,2019-07-01,Delaware
2019,M08,2019 Aug,3.7,08,2019-08-01,Delaware
2019,M09,2019 Sep,3.8,09,2019-09-01,Delaware
2019,M10,2019 Oct,3.9,10,2019-10-01,Delaware
2019,M11,2019 Nov,4.0,11,2019-11-01,Delaware
2019,M12,2019 Dec,4.1,12,2019-12-01,Delaware
2020,M01,2020 Jan,4.3,01,2020-01-01,Delaware
2020,M02,2020 Feb,4.5,02,2020-02-01,Delaware
2020,M03,2020 Mar,4.8,03,2020-03-01,Delaware
2020,M04,2020 Apr,13.4,04,2020-04-01,Delaware
2020,M05,2020 May,13.3,05,2020-05-01,Delaware
2020,M06,2020 Jun,12.9,06,2020-06-01,Delaware
2020,M07,2020 Jul,8.3,07,2020-07-01,Delaware
2020,M08,2020 Aug,7.9,08,2020-08-01,Delaware
2020,M09,2020 Sep,7.6,09,2020-09-01,Delaware
2020,M10,2020 Oct,5.7,10,2020-10-01,Delaware
2020,M11,2020 Nov,5.8,11,2020-11-01,Delaware
2020,M12,2020 Dec,5.9,12,2020-12-01,Delaware
2021,M01,2021 Jan,6.1,01,2021-01-01,Delaware
2021,M02,2021 Feb,6.3,02,2021-02-01,Delaware
2021,M03,2021 Mar,6.5,03,2021-03-01,Delaware
2021,M04,2021 Apr,6.4,04,2021-04-01,Delaware
2021,M05,2021 May,5.9,05,2021-05-01,Delaware
2021,M06,2021 Jun,5.8,06,2021-06-01,Delaware
2021,M07,2021 Jul,5.6,07,2021-07-01,Delaware
2021,M08,2021 Aug,5.4,08,2021-08-01,Delaware
2021,M09,2021 Sep,5.3,09,2021-09-01,Delaware
2019,M01,2019 Jan,5.8,01,2019-01-01,District of Columbia
2019,M02,2019 Feb,5.8,02,2019-02-01,District of Columbia
2019,M03,2019 Mar,5.7,03,2019-03-01,District of Columbia
2019,M04,2019 Apr,5.6,04,2019-04-01,District of Columbia
2019,M05,2019 May,5.4,05,2019-05-01,District of Columbia
2019,M06,2019 Jun,5.3,06,2019-06-01,District of Columbia
2019,M07,2019 Jul,5.2,07,2019-07-01,District of Columbia
2019,M08,2019 Aug,5.2,08,2019-08-01,District of Columbia
2019,M09,2019 Sep,5.1,09,2019-09-01,District of Columbia
2019,M10,2019 Oct,5.0,10,2019-10-01,District of Columbia
2019,M11,2019 Nov,4.9,11,2019-11-01,District of Columbia
2019,M12,2019 Dec,4.9,12,2019-12-01,District of Columbia
2020,M01,2020 Jan,4.9,01,2020-01-01,District of Columbia
2020,M02,2020 Feb,5.0,02,2020-02-01,District of Columbia
2020,M03,2020 Mar,5.2,03,2020-03-01,District of Columbia
2020,M04,2020 Apr,11.1,04,2020-04-01,District of Columbia
2020,M05,2020 May,8.9,05,2020-05-01,District of Columbia
2020,M06,2020 Jun,8.9,06,2020-06-01,District of Columbia
2020,M07,2020 Jul,8.9,07,2020-07-01,District of Columbia
2020,M08,2020 Aug,8.8,08,2020-08-01,District of Columbia
2020,M09,2020 Sep,8.7,09,2020-09-01,District of Columbia
2020,M10,2020 Oct,8.8,10,2020-10-01,District of Columbia
2020,M11,2020 Nov,8.8,11,2020-11-01,District of Columbia
2020,M12,2020 Dec,8.8,12,2020-12-01,District of Columbia
2021,M01,2021 Jan,8.4,01,2021-01-01,District of Columbia
2021,M02,2021 Feb,8.1,02,2021-02-01,District of Columbia
2021,M03,2021 Mar,7.7,03,2021-03-01,District of Columbia
2021,M04,2021 Apr,7.5,04,2021-04-01,District of Columbia
2021,M05,2021 May,7.2,05,2021-05-01,District of Columbia
2021,M06,2021 Jun,7.0,06,2021-06-01,District of Columbia
2021,M07,2021 Jul,6.7,07,2021-07-01,District of Columbia
2021,M08,2021 Aug,6.7,08,2021-08-01,District of Columbia
2021,M09,2021 Sep,6.5,09,2021-09-01,District of Columbia
2019,M01,2019 Jan,3.5,01,2019-01-01,Florida
2019,M02,2019 Feb,3.4,02,2019-02-01,Florida
2019,M03,2019 Mar,3.4,03,2019-03-01,Florida
2019,M04,2019 Apr,3.3,04,2019-04-01,Florida
2019,M05,2019 May,3.3,05,2019-05-01,Florida
2019,M06,2019 Jun,3.2,06,2019-06-01,Florida
2019,M07,2019 Jul,3.3,07,2019-07-01,Florida
2019,M08,2019 Aug,3.3,08,2019-08-01,Florida
2019,M09,2019 Sep,3.2,09,2019-09-01,Florida
2019,M10,2019 Oct,3.2,10,2019-10-01,Florida
2019,M11,2019 Nov,3.2,11,2019-11-01,Florida
2019,M12,2019 Dec,3.2,12,2019-12-01,Florida
2020,M01,2020 Jan,3.3,01,2020-01-01,Florida
2020,M02,2020 Feb,3.3,02,2020-02-01,Florida
2020,M03,2020 Mar,4.9,03,2020-03-01,Florida
2020,M04,2020 Apr,14.0,04,2020-04-01,Florida
2020,M05,2020 May,14.2,05,2020-05-01,Florida
2020,M06,2020 Jun,11.6,06,2020-06-01,Florida
2020,M07,2020 Jul,11.5,07,2020-07-01,Florida
2020,M08,2020 Aug,7.9,08,2020-08-01,Florida
2020,M09,2020 Sep,7.2,09,2020-09-01,Florida
2020,M10,2020 Oct,5.8,10,2020-10-01,Florida
2020,M11,2020 Nov,5.4,11,2020-11-01,Florida
2020,M12,2020 Dec,5.1,12,2020-12-01,Florida
2021,M01,2021 Jan,4.8,01,2021-01-01,Florida
2021,M02,2021 Feb,4.7,02,2021-02-01,Florida
2021,M03,2021 Mar,4.7,03,2021-03-01,Florida
2021,M04,2021 Apr,4.8,04,2021-04-01,Florida
2021,M05,2021 May,4.9,05,2021-05-01,Florida
2021,M06,2021 Jun,5.0,06,2021-06-01,Florida
2021,M07,2021 Jul,5.1,07,2021-07-01,Florida
2021,M08,2021 Aug,5.0,08,2021-08-01,Florida
2021,M09,2021 Sep,4.9,09,2021-09-01,Florida
2019,M01,2019 Jan,3.9,01,2019-01-01,Georgia
2019,M02,2019 Feb,3.8,02,2019-02-01,Georgia
2019,M03,2019 Mar,3.7,03,2019-03-01,Georgia
2019,M04,2019 Apr,3.6,04,2019-04-01,Georgia
2019,M05,2019 May,3.6,05,2019-05-01,Georgia
2019,M06,2019 Jun,3.5,06,2019-06-01,Georgia
2019,M07,2019 Jul,3.5,07,2019-07-01,Georgia
2019,M08,2019 Aug,3.5,08,2019-08-01,Georgia
2019,M09,2019 Sep,3.4,09,2019-09-01,Georgia
2019,M10,2019 Oct,3.3,10,2019-10-01,Georgia
2019,M11,2019 Nov,3.3,11,2019-11-01,Georgia
2019,M12,2019 Dec,3.3,12,2019-12-01,Georgia
2020,M01,2020 Jan,3.3,01,2020-01-01,Georgia
2020,M02,2020 Feb,3.5,02,2020-02-01,Georgia
2020,M03,2020 Mar,3.6,03,2020-03-01,Georgia
2020,M04,2020 Apr,12.5,04,2020-04-01,Georgia
2020,M05,2020 May,9.4,05,2020-05-01,Georgia
2020,M06,2020 Jun,8.4,06,2020-06-01,Georgia
2020,M07,2020 Jul,7.6,07,2020-07-01,Georgia
2020,M08,2020 Aug,7.0,08,2020-08-01,Georgia
2020,M09,2020 Sep,6.5,09,2020-09-01,Georgia
2020,M10,2020 Oct,5.9,10,2020-10-01,Georgia
2020,M11,2020 Nov,5.6,11,2020-11-01,Georgia
2020,M12,2020 Dec,5.3,12,2020-12-01,Georgia
2021,M01,2021 Jan,5.1,01,2021-01-01,Georgia
2021,M02,2021 Feb,4.8,02,2021-02-01,Georgia
2021,M03,2021 Mar,4.5,03,2021-03-01,Georgia
2021,M04,2021 Apr,4.3,04,2021-04-01,Georgia
2021,M05,2021 May,4.1,05,2021-05-01,Georgia
2021,M06,2021 Jun,4.0,06,2021-06-01,Georgia
2021,M07,2021 Jul,3.7,07,2021-07-01,Georgia
2021,M08,2021 Aug,3.5,08,2021-08-01,Georgia
2021,M09,2021 Sep,3.2,09,2021-09-01,Georgia
2019,M01,2019 Jan,2.7,01,2019-01-01,Hawaii
2019,M02,2019 Feb,2.7,02,2019-02-01,Hawaii
2019,M03,2019 Mar,2.6,03,2019-03-01,Hawaii
2019,M04,2019 Apr,2.6,04,2019-04-01,Hawaii
2019,M05,2019 May,2.5,05,2019-05-01,Hawaii
2019,M06,2019 Jun,2.5,06,2019-06-01,Hawaii
2019,M07,2019 Jul,2.5,07,2019-07-01,Hawaii
2019,M08,2019 Aug,2.4,08,2019-08-01,Hawaii
2019,M09,2019 Sep,2.3,09,2019-09-01,Hawaii
2019,M10,2019 Oct,2.2,10,2019-10-01,Hawaii
2019,M11,2019 Nov,2.1,11,2019-11-01,Hawaii
2019,M12,2019 Dec,2.1,12,2019-12-01,Hawaii
2020,M01,2020 Jan,2.0,01,2020-01-01,Hawaii
2020,M02,2020 Feb,2.1,02,2020-02-01,Hawaii
2020,M03,2020 Mar,2.1,03,2020-03-01,Hawaii
2020,M04,2020 Apr,21.9,04,2020-04-01,Hawaii
2020,M05,2020 May,21.9,05,2020-05-01,Hawaii
2020,M06,2020 Jun,14.1,06,2020-06-01,Hawaii
2020,M07,2020 Jul,14.1,07,2020-07-01,Hawaii
2020,M08,2020 Aug,14.1,08,2020-08-01,Hawaii
2020,M09,2020 Sep,14.8,09,2020-09-01,Hawaii
2020,M10,2020 Oct,14.0,10,2020-10-01,Hawaii
2020,M11,2020 Nov,10.3,11,2020-11-01,Hawaii
2020,M12,2020 Dec,10.3,12,2020-12-01,Hawaii
2021,M01,2021 Jan,10.3,01,2021-01-01,Hawaii
2021,M02,2021 Feb,9.2,02,2021-02-01,Hawaii
2021,M03,2021 Mar,9.1,03,2021-03-01,Hawaii
2021,M04,2021 Apr,8.5,04,2021-04-01,Hawaii
2021,M05,2021 May,8.0,05,2021-05-01,Hawaii
2021,M06,2021 Jun,7.7,06,2021-06-01,Hawaii
2021,M07,2021 Jul,7.3,07,2021-07-01,Hawaii
2021,M08,2021 Aug,7.0,08,2021-08-01,Hawaii
2021,M09,2021 Sep,6.6,09,2021-09-01,Hawaii
2019,M01,2019 Jan,2.9,01,2019-01-01,Idaho
2019,M02,2019 Feb,2.9,02,2019-02-01,Idaho
2019,M03,2019 Mar,2.8,03,2019-03-01,Idaho
2019,M04,2019 Apr,2.8,04,2019-04-01,Idaho
2019,M05,2019 May,2.8,05,2019-05-01,Idaho
2019,M06,2019 Jun,2.8,06,2019-06-01,Idaho
2019,M07,2019 Jul,2.8,07,2019-07-01,Idaho
2019,M08,2019 Aug,2.8,08,2019-08-01,Idaho
2019,M09,2019 Sep,2.7,09,2019-09-01,Idaho
2019,M10,2019 Oct,2.7,10,2019-10-01,Idaho
2019,M11,2019 Nov,2.6,11,2019-11-01,Idaho
2019,M12,2019 Dec,2.5,12,2019-12-01,Idaho
2020,M01,2020 Jan,2.6,01,2020-01-01,Idaho
2020,M02,2020 Feb,2.6,02,2020-02-01,Idaho
2020,M03,2020 Mar,2.7,03,2020-03-01,Idaho
2020,M04,2020 Apr,11.6,04,2020-04-01,Idaho
2020,M05,2020 May,8.3,05,2020-05-01,Idaho
2020,M06,2020 Jun,7.0,06,2020-06-01,Idaho
2020,M07,2020 Jul,5.9,07,2020-07-01,Idaho
2020,M08,2020 Aug,4.9,08,2020-08-01,Idaho
2020,M09,2020 Sep,6.0,09,2020-09-01,Idaho
2020,M10,2020 Oct,4.8,10,2020-10-01,Idaho
2020,M11,2020 Nov,4.3,11,2020-11-01,Idaho
2020,M12,2020 Dec,3.8,12,2020-12-01,Idaho
2021,M01,2021 Jan,3.5,01,2021-01-01,Idaho
2021,M02,2021 Feb,3.3,02,2021-02-01,Idaho
2021,M03,2021 Mar,3.2,03,2021-03-01,Idaho
2021,M04,2021 Apr,3.1,04,2021-04-01,Idaho
2021,M05,2021 May,3.0,05,2021-05-01,Idaho
2021,M06,2021 Jun,3.0,06,2021-06-01,Idaho
2021,M07,2021 Jul,3.0,07,2021-07-01,Idaho
2021,M08,2021 Aug,2.9,08,2021-08-01,Idaho
2021,M09,2021 Sep,2.9,09,2021-09-01,Idaho
2019,M01,2019 Jan,4.5,01,2019-01-01,Illinois
2019,M02,2019 Feb,4.5,02,2019-02-01,Illinois
2019,M03,2019 Mar,4.4,03,2019-03-01,Illinois
2019,M04,2019 Apr,4.2,04,2019-04-01,Illinois
2019,M05,2019 May,4.1,05,2019-05-01,Illinois
2019,M06,2019 Jun,4.0,06,2019-06-01,Illinois
2019,M07,2019 Jul,3.9,07,2019-07-01,Illinois
2019,M08,2019 Aug,3.8,08,2019-08-01,Illinois
2019,M09,2019 Sep,3.7,09,2019-09-01,Illinois
2019,M10,2019 Oct,3.6,10,2019-10-01,Illinois
2019,M11,2019 Nov,3.5,11,2019-11-01,Illinois
2019,M12,2019 Dec,3.5,12,2019-12-01,Illinois
2020,M01,2020 Jan,3.5,01,2020-01-01,Illinois
2020,M02,2020 Feb,3.6,02,2020-02-01,Illinois
2020,M03,2020 Mar,3.7,03,2020-03-01,Illinois
2020,M04,2020 Apr,16.5,04,2020-04-01,Illinois
2020,M05,2020 May,15.4,05,2020-05-01,Illinois
2020,M06,2020 Jun,14.2,06,2020-06-01,Illinois
2020,M07,2020 Jul,12.0,07,2020-07-01,Illinois
2020,M08,2020 Aug,11.1,08,2020-08-01,Illinois
2020,M09,2020 Sep,10.4,09,2020-09-01,Illinois
2020,M10,2020 Oct,8.1,10,2020-10-01,Illinois
2020,M11,2020 Nov,8.1,11,2020-11-01,Illinois
2020,M12,2020 Dec,8.0,12,2020-12-01,Illinois
2021,M01,2021 Jan,7.7,01,2021-01-01,Illinois
2021,M02,2021 Feb,7.4,02,2021-02-01,Illinois
2021,M03,2021 Mar,7.1,03,2021-03-01,Illinois
2021,M04,2021 Apr,7.1,04,2021-04-01,Illinois
2021,M05,2021 May,7.1,05,2021-05-01,Illinois
2021,M06,2021 Jun,7.2,06,2021-06-01,Illinois
2021,M07,2021 Jul,7.1,07,2021-07-01,Illinois
2021,M08,2021 Aug,7.0,08,2021-08-01,Illinois
2021,M09,2021 Sep,6.8,09,2021-09-01,Illinois
2019,M01,2019 Jan,3.5,01,2019-01-01,Indiana
2019,M02,2019 Feb,3.4,02,2019-02-01,Indiana
2019,M03,2019 Mar,3.3,03,2019-03-01,Indiana
2019,M04,2019 Apr,3.3,04,2019-04-01,Indiana
2019,M05,2019 May,3.2,05,2019-05-01,Indiana
2019,M06,2019 Jun,3.2,06,2019-06-01,Indiana
2019,M07,2019 Jul,3.2,07,2019-07-01,Indiana
2019,M08,2019 Aug,3.2,08,2019-08-01,Indiana
2019,M09,2019 Sep,3.2,09,2019-09-01,Indiana
2019,M10,2019 Oct,3.1,10,2019-10-01,Indiana
2019,M11,2019 Nov,3.1,11,2019-11-01,Indiana
2019,M12,2019 Dec,3.1,12,2019-12-01,Indiana
2020,M01,2020 Jan,3.2,01,2020-01-01,Indiana
2020,M02,2020 Feb,3.2,02,2020-02-01,Indiana
2020,M03,2020 Mar,3.3,03,2020-03-01,Indiana
2020,M04,2020 Apr,16.9,04,2020-04-01,Indiana
2020,M05,2020 May,12.0,05,2020-05-01,Indiana
2020,M06,2020 Jun,10.1,06,2020-06-01,Indiana
2020,M07,2020 Jul,8.6,07,2020-07-01,Indiana
2020,M08,2020 Aug,7.3,08,2020-08-01,Indiana
2020,M09,2020 Sep,6.3,09,2020-09-01,Indiana
2020,M10,2020 Oct,5.6,10,2020-10-01,Indiana
2020,M11,2020 Nov,5.0,11,2020-11-01,Indiana
2020,M12,2020 Dec,4.6,12,2020-12-01,Indiana
2021,M01,2021 Jan,4.2,01,2021-01-01,Indiana
2021,M02,2021 Feb,4.0,02,2021-02-01,Indiana
2021,M03,2021 Mar,3.9,03,2021-03-01,Indiana
2021,M04,2021 Apr,3.9,04,2021-04-01,Indiana
2021,M05,2021 May,4.0,05,2021-05-01,Indiana
2021,M06,2021 Jun,4.1,06,2021-06-01,Indiana
2021,M07,2021 Jul,4.1,07,2021-07-01,Indiana
2021,M08,2021 Aug,4.1,08,2021-08-01,Indiana
2021,M09,2021 Sep,4.0,09,2021-09-01,Indiana
2019,M01,2019 Jan,2.7,01,2019-01-01,Iowa
2019,M02,2019 Feb,2.7,02,2019-02-01,Iowa
2019,M03,2019 Mar,2.7,03,2019-03-01,Iowa
2019,M04,2019 Apr,2.7,04,2019-04-01,Iowa
2019,M05,2019 May,2.7,05,2019-05-01,Iowa
2019,M06,2019 Jun,2.7,06,2019-06-01,Iowa
2019,M07,2019 Jul,2.8,07,2019-07-01,Iowa
2019,M08,2019 Aug,2.8,08,2019-08-01,Iowa
2019,M09,2019 Sep,2.8,09,2019-09-01,Iowa
2019,M10,2019 Oct,2.8,10,2019-10-01,Iowa
2019,M11,2019 Nov,2.8,11,2019-11-01,Iowa
2019,M12,2019 Dec,2.8,12,2019-12-01,Iowa
2020,M01,2020 Jan,2.8,01,2020-01-01,Iowa
2020,M02,2020 Feb,2.9,02,2020-02-01,Iowa
2020,M03,2020 Mar,2.9,03,2020-03-01,Iowa
2020,M04,2020 Apr,11.1,04,2020-04-01,Iowa
2020,M05,2020 May,8.3,05,2020-05-01,Iowa
2020,M06,2020 Jun,7.1,06,2020-06-01,Iowa
2020,M07,2020 Jul,6.1,07,2020-07-01,Iowa
2020,M08,2020 Aug,5.3,08,2020-08-01,Iowa
2020,M09,2020 Sep,4.7,09,2020-09-01,Iowa
2020,M10,2020 Oct,4.2,10,2020-10-01,Iowa
2020,M11,2020 Nov,3.9,11,2020-11-01,Iowa
2020,M12,2020 Dec,3.7,12,2020-12-01,Iowa
2021,M01,2021 Jan,3.6,01,2021-01-01,Iowa
2021,M02,2021 Feb,3.7,02,2021-02-01,Iowa
2021,M03,2021 Mar,3.7,03,2021-03-01,Iowa
2021,M04,2021 Apr,3.8,04,2021-04-01,Iowa
2021,M05,2021 May,3.9,05,2021-05-01,Iowa
2021,M06,2021 Jun,4.0,06,2021-06-01,Iowa
2021,M07,2021 Jul,4.1,07,2021-07-01,Iowa
2021,M08,2021 Aug,4.1,08,2021-08-01,Iowa
2021,M09,2021 Sep,4.0,09,2021-09-01,Iowa
2019,M01,2019 Jan,3.3,01,2019-01-01,Kansas
2019,M02,2019 Feb,3.3,02,2019-02-01,Kansas
2019,M03,2019 Mar,3.2,03,2019-03-01,Kansas
2019,M04,2019 Apr,3.1,04,2019-04-01,Kansas
2019,M05,2019 May,3.1,05,2019-05-01,Kansas
2019,M06,2019 Jun,3.1,06,2019-06-01,Kansas
2019,M07,2019 Jul,3.1,07,2019-07-01,Kansas
2019,M08,2019 Aug,3.1,08,2019-08-01,Kansas
2019,M09,2019 Sep,3.1,09,2019-09-01,Kansas
2019,M10,2019 Oct,3.1,10,2019-10-01,Kansas
2019,M11,2019 Nov,3.1,11,2019-11-01,Kansas
2019,M12,2019 Dec,3.1,12,2019-12-01,Kansas
2020,M01,2020 Jan,3.1,01,2020-01-01,Kansas
2020,M02,2020 Feb,3.2,02,2020-02-01,Kansas
2020,M03,2020 Mar,3.2,03,2020-03-01,Kansas
2020,M04,2020 Apr,12.6,04,2020-04-01,Kansas
2020,M05,2020 May,9.0,05,2020-05-01,Kansas
2020,M06,2020 Jun,7.0,06,2020-06-01,Kansas
2020,M07,2020 Jul,6.6,07,2020-07-01,Kansas
2020,M08,2020 Aug,6.2,08,2020-08-01,Kansas
2020,M09,2020 Sep,6.1,09,2020-09-01,Kansas
2020,M10,2020 Oct,4.7,10,2020-10-01,Kansas
2020,M11,2020 Nov,4.7,11,2020-11-01,Kansas
2020,M12,2020 Dec,4.7,12,2020-12-01,Kansas
2021,M01,2021 Jan,3.4,01,2021-01-01,Kansas
2021,M02,2021 Feb,3.8,02,2021-02-01,Kansas
2021,M03,2021 Mar,3.7,03,2021-03-01,Kansas
2021,M04,2021 Apr,3.5,04,2021-04-01,Kansas
2021,M05,2021 May,3.5,05,2021-05-01,Kansas
2021,M06,2021 Jun,3.7,06,2021-06-01,Kansas
2021,M07,2021 Jul,3.8,07,2021-07-01,Kansas
2021,M08,2021 Aug,3.8,08,2021-08-01,Kansas
2021,M09,2021 Sep,3.9,09,2021-09-01,Kansas
2019,M01,2019 Jan,4.2,01,2019-01-01,Kentucky
2019,M02,2019 Feb,4.2,02,2019-02-01,Kentucky
2019,M03,2019 Mar,4.1,03,2019-03-01,Kentucky
2019,M04,2019 Apr,4.1,04,2019-04-01,Kentucky
2019,M05,2019 May,4.1,05,2019-05-01,Kentucky
2019,M06,2019 Jun,4.1,06,2019-06-01,Kentucky
2019,M07,2019 Jul,4.1,07,2019-07-01,Kentucky
2019,M08,2019 Aug,4.1,08,2019-08-01,Kentucky
2019,M09,2019 Sep,4.1,09,2019-09-01,Kentucky
2019,M10,2019 Oct,4.1,10,2019-10-01,Kentucky
2019,M11,2019 Nov,4.1,11,2019-11-01,Kentucky
2019,M12,2019 Dec,4.1,12,2019-12-01,Kentucky
2020,M01,2020 Jan,4.1,01,2020-01-01,Kentucky
2020,M02,2020 Feb,4.2,02,2020-02-01,Kentucky
2020,M03,2020 Mar,4.2,03,2020-03-01,Kentucky
2020,M04,2020 Apr,16.9,04,2020-04-01,Kentucky
2020,M05,2020 May,10.9,05,2020-05-01,Kentucky
2020,M06,2020 Jun,5.7,06,2020-06-01,Kentucky
2020,M07,2020 Jul,5.6,07,2020-07-01,Kentucky
2020,M08,2020 Aug,5.5,08,2020-08-01,Kentucky
2020,M09,2020 Sep,5.5,09,2020-09-01,Kentucky
2020,M10,2020 Oct,5.5,10,2020-10-01,Kentucky
2020,M11,2020 Nov,5.6,11,2020-11-01,Kentucky
2020,M12,2020 Dec,5.6,12,2020-12-01,Kentucky
2021,M01,2021 Jan,5.3,01,2021-01-01,Kentucky
2021,M02,2021 Feb,5.2,02,2021-02-01,Kentucky
2021,M03,2021 Mar,5.0,03,2021-03-01,Kentucky
2021,M04,2021 Apr,4.7,04,2021-04-01,Kentucky
2021,M05,2021 May,4.5,05,2021-05-01,Kentucky
2021,M06,2021 Jun,4.4,06,2021-06-01,Kentucky
2021,M07,2021 Jul,4.4,07,2021-07-01,Kentucky
2021,M08,2021 Aug,4.3,08,2021-08-01,Kentucky
2021,M09,2021 Sep,4.3,09,2021-09-01,Kentucky
2019,M01,2019 Jan,4.7,01,2019-01-01,Louisiana
2019,M02,2019 Feb,4.6,02,2019-02-01,Louisiana
2019,M03,2019 Mar,4.4,03,2019-03-01,Louisiana
2019,M04,2019 Apr,4.4,04,2019-04-01,Louisiana
2019,M05,2019 May,4.3,05,2019-05-01,Louisiana
2019,M06,2019 Jun,4.4,06,2019-06-01,Louisiana
2019,M07,2019 Jul,4.5,07,2019-07-01,Louisiana
2019,M08,2019 Aug,4.7,08,2019-08-01,Louisiana
2019,M09,2019 Sep,4.8,09,2019-09-01,Louisiana
2019,M10,2019 Oct,4.9,10,2019-10-01,Louisiana
2019,M11,2019 Nov,4.9,11,2019-11-01,Louisiana
2019,M12,2019 Dec,5.0,12,2019-12-01,Louisiana
2020,M01,2020 Jan,5.1,01,2020-01-01,Louisiana
2020,M02,2020 Feb,5.2,02,2020-02-01,Louisiana
2020,M03,2020 Mar,5.3,03,2020-03-01,Louisiana
2020,M04,2020 Apr,13.1,04,2020-04-01,Louisiana
2020,M05,2020 May,13.1,05,2020-05-01,Louisiana
2020,M06,2020 Jun,9.4,06,2020-06-01,Louisiana
2020,M07,2020 Jul,9.1,07,2020-07-01,Louisiana
2020,M08,2020 Aug,8.2,08,2020-08-01,Louisiana
2020,M09,2020 Sep,8.0,09,2020-09-01,Louisiana
2020,M10,2020 Oct,7.9,10,2020-10-01,Louisiana
2020,M11,2020 Nov,7.9,11,2020-11-01,Louisiana
2020,M12,2020 Dec,7.9,12,2020-12-01,Louisiana
2021,M01,2021 Jan,7.6,01,2021-01-01,Louisiana
2021,M02,2021 Feb,7.6,02,2021-02-01,Louisiana
2021,M03,2021 Mar,7.4,03,2021-03-01,Louisiana
2021,M04,2021 Apr,7.2,04,2021-04-01,Louisiana
2021,M05,2021 May,7.1,05,2021-05-01,Louisiana
2021,M06,2021 Jun,6.9,06,2021-06-01,Louisiana
2021,M07,2021 Jul,6.6,07,2021-07-01,Louisiana
2021,M08,2021 Aug,6.2,08,2021-08-01,Louisiana
2021,M09,2021 Sep,5.8,09,2021-09-01,Louisiana
2019,M01,2019 Jan,3.0,01,2019-01-01,Maine
2019,M02,2019 Feb,2.8,02,2019-02-01,Maine
2019,M03,2019 Mar,2.7,03,2019-03-01,Maine
2019,M04,2019 Apr,2.6,04,2019-04-01,Maine
2019,M05,2019 May,2.6,05,2019-05-01,Maine
2019,M06,2019 Jun,2.6,06,2019-06-01,Maine
2019,M07,2019 Jul,2.7,07,2019-07-01,Maine
2019,M08,2019 Aug,2.7,08,2019-08-01,Maine
2019,M09,2019 Sep,2.7,09,2019-09-01,Maine
2019,M10,2019 Oct,2.7,10,2019-10-01,Maine
2019,M11,2019 Nov,2.7,11,2019-11-01,Maine
2019,M12,2019 Dec,2.8,12,2019-12-01,Maine
2020,M01,2020 Jan,3.0,01,2020-01-01,Maine
2020,M02,2020 Feb,3.1,02,2020-02-01,Maine
2020,M03,2020 Mar,3.1,03,2020-03-01,Maine
2020,M04,2020 Apr,9.1,04,2020-04-01,Maine
2020,M05,2020 May,8.3,05,2020-05-01,Maine
2020,M06,2020 Jun,5.3,06,2020-06-01,Maine
2020,M07,2020 Jul,8.8,07,2020-07-01,Maine
2020,M08,2020 Aug,5.2,08,2020-08-01,Maine
2020,M09,2020 Sep,4.9,09,2020-09-01,Maine
2020,M10,2020 Oct,4.8,10,2020-10-01,Maine
2020,M11,2020 Nov,4.9,11,2020-11-01,Maine
2020,M12,2020 Dec,5.0,12,2020-12-01,Maine
2021,M01,2021 Jan,5.2,01,2021-01-01,Maine
2021,M02,2021 Feb,4.8,02,2021-02-01,Maine
2021,M03,2021 Mar,4.8,03,2021-03-01,Maine
2021,M04,2021 Apr,4.8,04,2021-04-01,Maine
2021,M05,2021 May,4.8,05,2021-05-01,Maine
2021,M06,2021 Jun,4.8,06,2021-06-01,Maine
2021,M07,2021 Jul,4.9,07,2021-07-01,Maine
2021,M08,2021 Aug,4.9,08,2021-08-01,Maine
2021,M09,2021 Sep,4.8,09,2021-09-01,Maine
2019,M01,2019 Jan,3.7,01,2019-01-01,Maryland
2019,M02,2019 Feb,3.6,02,2019-02-01,Maryland
2019,M03,2019 Mar,3.6,03,2019-03-01,Maryland
2019,M04,2019 Apr,3.5,04,2019-04-01,Maryland
2019,M05,2019 May,3.5,05,2019-05-01,Maryland
2019,M06,2019 Jun,3.5,06,2019-06-01,Maryland
2019,M07,2019 Jul,3.5,07,2019-07-01,Maryland
2019,M08,2019 Aug,3.5,08,2019-08-01,Maryland
2019,M09,2019 Sep,3.4,09,2019-09-01,Maryland
2019,M10,2019 Oct,3.4,10,2019-10-01,Maryland
2019,M11,2019 Nov,3.3,11,2019-11-01,Maryland
2019,M12,2019 Dec,3.3,12,2019-12-01,Maryland
2020,M01,2020 Jan,3.4,01,2020-01-01,Maryland
2020,M02,2020 Feb,3.5,02,2020-02-01,Maryland
2020,M03,2020 Mar,3.5,03,2020-03-01,Maryland
2020,M04,2020 Apr,9.0,04,2020-04-01,Maryland
2020,M05,2020 May,9.0,05,2020-05-01,Maryland
2020,M06,2020 Jun,8.6,06,2020-06-01,Maryland
2020,M07,2020 Jul,8.7,07,2020-07-01,Maryland
2020,M08,2020 Aug,8.6,08,2020-08-01,Maryland
2020,M09,2020 Sep,7.0,09,2020-09-01,Maryland
2020,M10,2020 Oct,6.8,10,2020-10-01,Maryland
2020,M11,2020 Nov,6.8,11,2020-11-01,Maryland
2020,M12,2020 Dec,6.8,12,2020-12-01,Maryland
2021,M01,2021 Jan,6.4,01,2021-01-01,Maryland
2021,M02,2021 Feb,6.2,02,2021-02-01,Maryland
2021,M03,2021 Mar,6.2,03,2021-03-01,Maryland
2021,M04,2021 Apr,6.2,04,2021-04-01,Maryland
2021,M05,2021 May,6.1,05,2021-05-01,Maryland
2021,M06,2021 Jun,6.2,06,2021-06-01,Maryland
2021,M07,2021 Jul,6.0,07,2021-07-01,Maryland
2021,M08,2021 Aug,6.0,08,2021-08-01,Maryland
2021,M09,2021 Sep,5.9,09,2021-09-01,Maryland
2019,M01,2019 Jan,3.2,01,2019-01-01,Massachusetts
2019,M02,2019 Feb,3.2,02,2019-02-01,Massachusetts
2019,M03,2019 Mar,3.1,03,2019-03-01,Massachusetts
2019,M04,2019 Apr,3.1,04,2019-04-01,Massachusetts
2019,M05,2019 May,3.0,05,2019-05-01,Massachusetts
2019,M06,2019 Jun,3.0,06,2019-06-01,Massachusetts
2019,M07,2019 Jul,3.0,07,2019-07-01,Massachusetts
2019,M08,2019 Aug,3.0,08,2019-08-01,Massachusetts
2019,M09,2019 Sep,3.0,09,2019-09-01,Massachusetts
2019,M10,2019 Oct,2.9,10,2019-10-01,Massachusetts
2019,M11,2019 Nov,2.9,11,2019-11-01,Massachusetts
2019,M12,2019 Dec,2.9,12,2019-12-01,Massachusetts
2020,M01,2020 Jan,2.8,01,2020-01-01,Massachusetts
2020,M02,2020 Feb,2.8,02,2020-02-01,Massachusetts
2020,M03,2020 Mar,2.7,03,2020-03-01,Massachusetts
2020,M04,2020 Apr,16.4,04,2020-04-01,Massachusetts
2020,M05,2020 May,15.3,05,2020-05-01,Massachusetts
2020,M06,2020 Jun,14.8,06,2020-06-01,Massachusetts
2020,M07,2020 Jul,9.8,07,2020-07-01,Massachusetts
2020,M08,2020 Aug,9.3,08,2020-08-01,Massachusetts
2020,M09,2020 Sep,8.9,09,2020-09-01,Massachusetts
2020,M10,2020 Oct,8.5,10,2020-10-01,Massachusetts
2020,M11,2020 Nov,8.4,11,2020-11-01,Massachusetts
2020,M12,2020 Dec,8.4,12,2020-12-01,Massachusetts
2021,M01,2021 Jan,7.8,01,2021-01-01,Massachusetts
2021,M02,2021 Feb,7.0,02,2021-02-01,Massachusetts
2021,M03,2021 Mar,6.7,03,2021-03-01,Massachusetts
2021,M04,2021 Apr,6.4,04,2021-04-01,Massachusetts
2021,M05,2021 May,5.0,05,2021-05-01,Massachusetts
2021,M06,2021 Jun,4.9,06,2021-06-01,Massachusetts
2021,M07,2021 Jul,4.9,07,2021-07-01,Massachusetts
2021,M08,2021 Aug,5.0,08,2021-08-01,Massachusetts
2021,M09,2021 Sep,5.2,09,2021-09-01,Massachusetts
2019,M01,2019 Jan,4.2,01,2019-01-01,Michigan
2019,M02,2019 Feb,4.2,02,2019-02-01,Michigan
2019,M03,2019 Mar,4.2,03,2019-03-01,Michigan
2019,M04,2019 Apr,4.2,04,2019-04-01,Michigan
2019,M05,2019 May,4.2,05,2019-05-01,Michigan
2019,M06,2019 Jun,4.2,06,2019-06-01,Michigan
2019,M07,2019 Jul,4.1,07,2019-07-01,Michigan
2019,M08,2019 Aug,4.1,08,2019-08-01,Michigan
2019,M09,2019 Sep,4.0,09,2019-09-01,Michigan
2019,M10,2019 Oct,3.9,10,2019-10-01,Michigan
2019,M11,2019 Nov,3.8,11,2019-11-01,Michigan
2019,M12,2019 Dec,3.7,12,2019-12-01,Michigan
2020,M01,2020 Jan,3.7,01,2020-01-01,Michigan
2020,M02,2020 Feb,3.7,02,2020-02-01,Michigan
2020,M03,2020 Mar,3.7,03,2020-03-01,Michigan
2020,M04,2020 Apr,23.6,04,2020-04-01,Michigan
2020,M05,2020 May,20.8,05,2020-05-01,Michigan
2020,M06,2020 Jun,14.1,06,2020-06-01,Michigan
2020,M07,2020 Jul,9.0,07,2020-07-01,Michigan
2020,M08,2020 Aug,8.5,08,2020-08-01,Michigan
2020,M09,2020 Sep,8.2,09,2020-09-01,Michigan
2020,M10,2020 Oct,8.1,10,2020-10-01,Michigan
2020,M11,2020 Nov,8.2,11,2020-11-01,Michigan
2020,M12,2020 Dec,8.2,12,2020-12-01,Michigan
2021,M01,2021 Jan,5.7,01,2021-01-01,Michigan
2021,M02,2021 Feb,5.2,02,2021-02-01,Michigan
2021,M03,2021 Mar,5.1,03,2021-03-01,Michigan
2021,M04,2021 Apr,4.9,04,2021-04-01,Michigan
2021,M05,2021 May,5.0,05,2021-05-01,Michigan
2021,M06,2021 Jun,5.0,06,2021-06-01,Michigan
2021,M07,2021 Jul,4.8,07,2021-07-01,Michigan
2021,M08,2021 Aug,4.7,08,2021-08-01,Michigan
2021,M09,2021 Sep,4.6,09,2021-09-01,Michigan
2019,M01,2019 Jan,3.2,01,2019-01-01,Minnesota
2019,M02,2019 Feb,3.2,02,2019-02-01,Minnesota
2019,M03,2019 Mar,3.2,03,2019-03-01,Minnesota
2019,M04,2019 Apr,3.2,04,2019-04-01,Minnesota
2019,M05,2019 May,3.1,05,2019-05-01,Minnesota
2019,M06,2019 Jun,3.1,06,2019-06-01,Minnesota
2019,M07,2019 Jul,3.1,07,2019-07-01,Minnesota
2019,M08,2019 Aug,3.1,08,2019-08-01,Minnesota
2019,M09,2019 Sep,3.1,09,2019-09-01,Minnesota
2019,M10,2019 Oct,3.1,10,2019-10-01,Minnesota
2019,M11,2019 Nov,3.1,11,2019-11-01,Minnesota
2019,M12,2019 Dec,3.1,12,2019-12-01,Minnesota
2020,M01,2020 Jan,3.2,01,2020-01-01,Minnesota
2020,M02,2020 Feb,3.3,02,2020-02-01,Minnesota
2020,M03,2020 Mar,3.5,03,2020-03-01,Minnesota
2020,M04,2020 Apr,9.0,04,2020-04-01,Minnesota
2020,M05,2020 May,11.3,05,2020-05-01,Minnesota
2020,M06,2020 Jun,8.9,06,2020-06-01,Minnesota
2020,M07,2020 Jul,7.6,07,2020-07-01,Minnesota
2020,M08,2020 Aug,6.6,08,2020-08-01,Minnesota
2020,M09,2020 Sep,5.8,09,2020-09-01,Minnesota
2020,M10,2020 Oct,5.3,10,2020-10-01,Minnesota
2020,M11,2020 Nov,5.0,11,2020-11-01,Minnesota
2020,M12,2020 Dec,4.7,12,2020-12-01,Minnesota
2021,M01,2021 Jan,4.5,01,2021-01-01,Minnesota
2021,M02,2021 Feb,4.4,02,2021-02-01,Minnesota
2021,M03,2021 Mar,4.2,03,2021-03-01,Minnesota
2021,M04,2021 Apr,4.1,04,2021-04-01,Minnesota
2021,M05,2021 May,4.0,05,2021-05-01,Minnesota
2021,M06,2021 Jun,4.0,06,2021-06-01,Minnesota
2021,M07,2021 Jul,3.9,07,2021-07-01,Minnesota
2021,M08,2021 Aug,3.8,08,2021-08-01,Minnesota
2021,M09,2021 Sep,3.7,09,2021-09-01,Minnesota
2019,M01,2019 Jan,5.4,01,2019-01-01,Mississippi
2019,M02,2019 Feb,5.4,02,2019-02-01,Mississippi
2019,M03,2019 Mar,5.4,03,2019-03-01,Mississippi
2019,M04,2019 Apr,5.4,04,2019-04-01,Mississippi
2019,M05,2019 May,5.4,05,2019-05-01,Mississippi
2019,M06,2019 Jun,5.5,06,2019-06-01,Mississippi
2019,M07,2019 Jul,5.6,07,2019-07-01,Mississippi
2019,M08,2019 Aug,5.7,08,2019-08-01,Mississippi
2019,M09,2019 Sep,5.7,09,2019-09-01,Mississippi
2019,M10,2019 Oct,5.6,10,2019-10-01,Mississippi
2019,M11,2019 Nov,5.6,11,2019-11-01,Mississippi
2019,M12,2019 Dec,5.5,12,2019-12-01,Mississippi
2020,M01,2020 Jan,5.6,01,2020-01-01,Mississippi
2020,M02,2020 Feb,5.8,02,2020-02-01,Mississippi
2020,M03,2020 Mar,6.0,03,2020-03-01,Mississippi
2020,M04,2020 Apr,15.7,04,2020-04-01,Mississippi
2020,M05,2020 May,11.0,05,2020-05-01,Mississippi
2020,M06,2020 Jun,9.6,06,2020-06-01,Mississippi
2020,M07,2020 Jul,8.5,07,2020-07-01,Mississippi
2020,M08,2020 Aug,7.8,08,2020-08-01,Mississippi
2020,M09,2020 Sep,7.2,09,2020-09-01,Mississippi
2020,M10,2020 Oct,6.9,10,2020-10-01,Mississippi
2020,M11,2020 Nov,6.7,11,2020-11-01,Mississippi
2020,M12,2020 Dec,6.6,12,2020-12-01,Mississippi
2021,M01,2021 Jan,6.4,01,2021-01-01,Mississippi
2021,M02,2021 Feb,6.3,02,2021-02-01,Mississippi
2021,M03,2021 Mar,6.2,03,2021-03-01,Mississippi
2021,M04,2021 Apr,6.2,04,2021-04-01,Mississippi
2021,M05,2021 May,6.1,05,2021-05-01,Mississippi
2021,M06,2021 Jun,6.2,06,2021-06-01,Mississippi
2021,M07,2021 Jul,6.1,07,2021-07-01,Mississippi
2021,M08,2021 Aug,6.0,08,2021-08-01,Mississippi
2021,M09,2021 Sep,5.8,09,2021-09-01,Mississippi
2019,M01,2019 Jan,3.2,01,2019-01-01,Missouri
2019,M02,2019 Feb,3.2,02,2019-02-01,Missouri
2019,M03,2019 Mar,3.2,03,2019-03-01,Missouri
2019,M04,2019 Apr,3.1,04,2019-04-01,Missouri
2019,M05,2019 May,3.1,05,2019-05-01,Missouri
2019,M06,2019 Jun,3.2,06,2019-06-01,Missouri
2019,M07,2019 Jul,3.2,07,2019-07-01,Missouri
2019,M08,2019 Aug,3.3,08,2019-08-01,Missouri
2019,M09,2019 Sep,3.4,09,2019-09-01,Missouri
2019,M10,2019 Oct,3.4,10,2019-10-01,Missouri
2019,M11,2019 Nov,3.5,11,2019-11-01,Missouri
2019,M12,2019 Dec,3.5,12,2019-12-01,Missouri
2020,M01,2020 Jan,3.6,01,2020-01-01,Missouri
2020,M02,2020 Feb,3.6,02,2020-02-01,Missouri
2020,M03,2020 Mar,3.7,03,2020-03-01,Missouri
2020,M04,2020 Apr,12.5,04,2020-04-01,Missouri
2020,M05,2020 May,9.6,05,2020-05-01,Missouri
2020,M06,2020 Jun,8.1,06,2020-06-01,Missouri
2020,M07,2020 Jul,6.8,07,2020-07-01,Missouri
2020,M08,2020 Aug,6.0,08,2020-08-01,Missouri
2020,M09,2020 Sep,5.4,09,2020-09-01,Missouri
2020,M10,2020 Oct,5.0,10,2020-10-01,Missouri
2020,M11,2020 Nov,4.7,11,2020-11-01,Missouri
2020,M12,2020 Dec,4.4,12,2020-12-01,Missouri
2021,M01,2021 Jan,4.3,01,2021-01-01,Missouri
2021,M02,2021 Feb,4.3,02,2021-02-01,Missouri
2021,M03,2021 Mar,4.2,03,2021-03-01,Missouri
2021,M04,2021 Apr,4.1,04,2021-04-01,Missouri
2021,M05,2021 May,4.2,05,2021-05-01,Missouri
2021,M06,2021 Jun,4.3,06,2021-06-01,Missouri
2021,M07,2021 Jul,4.2,07,2021-07-01,Missouri
2021,M08,2021 Aug,4.0,08,2021-08-01,Missouri
2021,M09,2021 Sep,3.8,09,2021-09-01,Missouri
2019,M01,2019 Jan,3.7,01,2019-01-01,Montana
2019,M02,2019 Feb,3.6,02,2019-02-01,Montana
2019,M03,2019 Mar,3.6,03,2019-03-01,Montana
2019,M04,2019 Apr,3.6,04,2019-04-01,Montana
2019,M05,2019 May,3.6,05,2019-05-01,Montana
2019,M06,2019 Jun,3.6,06,2019-06-01,Montana
2019,M07,2019 Jul,3.6,07,2019-07-01,Montana
2019,M08,2019 Aug,3.6,08,2019-08-01,Montana
2019,M09,2019 Sep,3.6,09,2019-09-01,Montana
2019,M10,2019 Oct,3.6,10,2019-10-01,Montana
2019,M11,2019 Nov,3.6,11,2019-11-01,Montana
2019,M12,2019 Dec,3.6,12,2019-12-01,Montana
2020,M01,2020 Jan,3.7,01,2020-01-01,Montana
2020,M02,2020 Feb,3.7,02,2020-02-01,Montana
2020,M03,2020 Mar,3.8,03,2020-03-01,Montana
2020,M04,2020 Apr,11.9,04,2020-04-01,Montana
2020,M05,2020 May,9.1,05,2020-05-01,Montana
2020,M06,2020 Jun,7.6,06,2020-06-01,Montana
2020,M07,2020 Jul,6.6,07,2020-07-01,Montana
2020,M08,2020 Aug,5.8,08,2020-08-01,Montana
2020,M09,2020 Sep,5.2,09,2020-09-01,Montana
2020,M10,2020 Oct,4.7,10,2020-10-01,Montana
2020,M11,2020 Nov,4.5,11,2020-11-01,Montana
2020,M12,2020 Dec,4.2,12,2020-12-01,Montana
2021,M01,2021 Jan,4.0,01,2021-01-01,Montana
2021,M02,2021 Feb,3.9,02,2021-02-01,Montana
2021,M03,2021 Mar,3.8,03,2021-03-01,Montana
2021,M04,2021 Apr,3.7,04,2021-04-01,Montana
2021,M05,2021 May,3.6,05,2021-05-01,Montana
2021,M06,2021 Jun,3.7,06,2021-06-01,Montana
2021,M07,2021 Jul,3.6,07,2021-07-01,Montana
2021,M08,2021 Aug,3.5,08,2021-08-01,Montana
2021,M09,2021 Sep,3.3,09,2021-09-01,Montana
2019,M01,2019 Jan,3.0,01,2019-01-01,Nebraska
2019,M02,2019 Feb,3.0,02,2019-02-01,Nebraska
2019,M03,2019 Mar,3.0,03,2019-03-01,Nebraska
2019,M04,2019 Apr,3.0,04,2019-04-01,Nebraska
2019,M05,2019 May,3.0,05,2019-05-01,Nebraska
2019,M06,2019 Jun,3.0,06,2019-06-01,Nebraska
2019,M07,2019 Jul,3.0,07,2019-07-01,Nebraska
2019,M08,2019 Aug,3.0,08,2019-08-01,Nebraska
2019,M09,2019 Sep,3.0,09,2019-09-01,Nebraska
2019,M10,2019 Oct,2.9,10,2019-10-01,Nebraska
2019,M11,2019 Nov,2.9,11,2019-11-01,Nebraska
2019,M12,2019 Dec,2.9,12,2019-12-01,Nebraska
2020,M01,2020 Jan,2.9,01,2020-01-01,Nebraska
2020,M02,2020 Feb,3.0,02,2020-02-01,Nebraska
2020,M03,2020 Mar,3.1,03,2020-03-01,Nebraska
2020,M04,2020 Apr,7.4,04,2020-04-01,Nebraska
2020,M05,2020 May,5.4,05,2020-05-01,Nebraska
2020,M06,2020 Jun,6.6,06,2020-06-01,Nebraska
2020,M07,2020 Jul,4.4,07,2020-07-01,Nebraska
2020,M08,2020 Aug,4.0,08,2020-08-01,Nebraska
2020,M09,2020 Sep,3.8,09,2020-09-01,Nebraska
2020,M10,2020 Oct,3.6,10,2020-10-01,Nebraska
2020,M11,2020 Nov,3.4,11,2020-11-01,Nebraska
2020,M12,2020 Dec,3.4,12,2020-12-01,Nebraska
2021,M01,2021 Jan,3.2,01,2021-01-01,Nebraska
2021,M02,2021 Feb,3.1,02,2021-02-01,Nebraska
2021,M03,2021 Mar,2.9,03,2021-03-01,Nebraska
2021,M04,2021 Apr,2.8,04,2021-04-01,Nebraska
2021,M05,2021 May,2.6,05,2021-05-01,Nebraska
2021,M06,2021 Jun,2.5,06,2021-06-01,Nebraska
2021,M07,2021 Jul,2.3,07,2021-07-01,Nebraska
2021,M08,2021 Aug,2.2,08,2021-08-01,Nebraska
2021,M09,2021 Sep,2.0,09,2021-09-01,Nebraska
2019,M01,2019 Jan,4.2,01,2019-01-01,Nevada
2019,M02,2019 Feb,4.1,02,2019-02-01,Nevada
2019,M03,2019 Mar,4.1,03,2019-03-01,Nevada
2019,M04,2019 Apr,4.0,04,2019-04-01,Nevada
2019,M05,2019 May,3.9,05,2019-05-01,Nevada
2019,M06,2019 Jun,3.9,06,2019-06-01,Nevada
2019,M07,2019 Jul,3.9,07,2019-07-01,Nevada
2019,M08,2019 Aug,3.9,08,2019-08-01,Nevada
2019,M09,2019 Sep,3.8,09,2019-09-01,Nevada
2019,M10,2019 Oct,3.7,10,2019-10-01,Nevada
2019,M11,2019 Nov,3.7,11,2019-11-01,Nevada
2019,M12,2019 Dec,3.6,12,2019-12-01,Nevada
2020,M01,2020 Jan,3.7,01,2020-01-01,Nevada
2020,M02,2020 Feb,3.7,02,2020-02-01,Nevada
2020,M03,2020 Mar,6.4,03,2020-03-01,Nevada
2020,M04,2020 Apr,29.5,04,2020-04-01,Nevada
2020,M05,2020 May,24.5,05,2020-05-01,Nevada
2020,M06,2020 Jun,15.4,06,2020-06-01,Nevada
2020,M07,2020 Jul,16.6,07,2020-07-01,Nevada
2020,M08,2020 Aug,14.5,08,2020-08-01,Nevada
2020,M09,2020 Sep,13.0,09,2020-09-01,Nevada
2020,M10,2020 Oct,12.0,10,2020-10-01,Nevada
2020,M11,2020 Nov,8.7,11,2020-11-01,Nevada
2020,M12,2020 Dec,8.2,12,2020-12-01,Nevada
2021,M01,2021 Jan,8.5,01,2021-01-01,Nevada
2021,M02,2021 Feb,8.4,02,2021-02-01,Nevada
2021,M03,2021 Mar,8.1,03,2021-03-01,Nevada
2021,M04,2021 Apr,8.0,04,2021-04-01,Nevada
2021,M05,2021 May,7.8,05,2021-05-01,Nevada
2021,M06,2021 Jun,7.8,06,2021-06-01,Nevada
2021,M07,2021 Jul,7.7,07,2021-07-01,Nevada
2021,M08,2021 Aug,7.7,08,2021-08-01,Nevada
2021,M09,2021 Sep,7.5,09,2021-09-01,Nevada
2019,M01,2019 Jan,2.6,01,2019-01-01,New Hampshire
2019,M02,2019 Feb,2.6,02,2019-02-01,New Hampshire
2019,M03,2019 Mar,2.6,03,2019-03-01,New Hampshire
2019,M04,2019 Apr,2.6,04,2019-04-01,New Hampshire
2019,M05,2019 May,2.6,05,2019-05-01,New Hampshire
2019,M06,2019 Jun,2.6,06,2019-06-01,New Hampshire
2019,M07,2019 Jul,2.6,07,2019-07-01,New Hampshire
2019,M08,2019 Aug,2.6,08,2019-08-01,New Hampshire
2019,M09,2019 Sep,2.6,09,2019-09-01,New Hampshire
2019,M10,2019 Oct,2.6,10,2019-10-01,New Hampshire
2019,M11,2019 Nov,2.6,11,2019-11-01,New Hampshire
2019,M12,2019 Dec,2.6,12,2019-12-01,New Hampshire
2020,M01,2020 Jan,2.6,01,2020-01-01,New Hampshire
2020,M02,2020 Feb,2.6,02,2020-02-01,New Hampshire
2020,M03,2020 Mar,2.7,03,2020-03-01,New Hampshire
2020,M04,2020 Apr,16.0,04,2020-04-01,New Hampshire
2020,M05,2020 May,13.4,05,2020-05-01,New Hampshire
2020,M06,2020 Jun,10.3,06,2020-06-01,New Hampshire
2020,M07,2020 Jul,8.1,07,2020-07-01,New Hampshire
2020,M08,2020 Aug,6.6,08,2020-08-01,New Hampshire
2020,M09,2020 Sep,5.5,09,2020-09-01,New Hampshire
2020,M10,2020 Oct,4.7,10,2020-10-01,New Hampshire
2020,M11,2020 Nov,4.2,11,2020-11-01,New Hampshire
2020,M12,2020 Dec,3.8,12,2020-12-01,New Hampshire
2021,M01,2021 Jan,3.6,01,2021-01-01,New Hampshire
2021,M02,2021 Feb,3.3,02,2021-02-01,New Hampshire
2021,M03,2021 Mar,3.0,03,2021-03-01,New Hampshire
2021,M04,2021 Apr,2.8,04,2021-04-01,New Hampshire
2021,M05,2021 May,2.9,05,2021-05-01,New Hampshire
2021,M06,2021 Jun,2.9,06,2021-06-01,New Hampshire
2021,M07,2021 Jul,2.9,07,2021-07-01,New Hampshire
2021,M08,2021 Aug,3.0,08,2021-08-01,New Hampshire
2021,M09,2021 Sep,2.9,09,2021-09-01,New Hampshire
2019,M01,2019 Jan,3.6,01,2019-01-01,New Jersey
2019,M02,2019 Feb,3.5,02,2019-02-01,New Jersey
2019,M03,2019 Mar,3.4,03,2019-03-01,New Jersey
2019,M04,2019 Apr,3.3,04,2019-04-01,New Jersey
2019,M05,2019 May,3.2,05,2019-05-01,New Jersey
2019,M06,2019 Jun,3.2,06,2019-06-01,New Jersey
2019,M07,2019 Jul,3.3,07,2019-07-01,New Jersey
2019,M08,2019 Aug,3.4,08,2019-08-01,New Jersey
2019,M09,2019 Sep,3.5,09,2019-09-01,New Jersey
2019,M10,2019 Oct,3.5,10,2019-10-01,New Jersey
2019,M11,2019 Nov,3.6,11,2019-11-01,New Jersey
2019,M12,2019 Dec,3.6,12,2019-12-01,New Jersey
2020,M01,2020 Jan,3.7,01,2020-01-01,New Jersey
2020,M02,2020 Feb,3.7,02,2020-02-01,New Jersey
2020,M03,2020 Mar,3.8,03,2020-03-01,New Jersey
2020,M04,2020 Apr,16.6,04,2020-04-01,New Jersey
2020,M05,2020 May,16.5,05,2020-05-01,New Jersey
2020,M06,2020 Jun,16.3,06,2020-06-01,New Jersey
2020,M07,2020 Jul,13.1,07,2020-07-01,New Jersey
2020,M08,2020 Aug,11.0,08,2020-08-01,New Jersey
2020,M09,2020 Sep,7.8,09,2020-09-01,New Jersey
2020,M10,2020 Oct,7.7,10,2020-10-01,New Jersey
2020,M11,2020 Nov,10.2,11,2020-11-01,New Jersey
2020,M12,2020 Dec,7.7,12,2020-12-01,New Jersey
2021,M01,2021 Jan,7.8,01,2021-01-01,New Jersey
2021,M02,2021 Feb,7.8,02,2021-02-01,New Jersey
2021,M03,2021 Mar,7.6,03,2021-03-01,New Jersey
2021,M04,2021 Apr,7.5,04,2021-04-01,New Jersey
2021,M05,2021 May,7.2,05,2021-05-01,New Jersey
2021,M06,2021 Jun,7.2,06,2021-06-01,New Jersey
2021,M07,2021 Jul,7.3,07,2021-07-01,New Jersey
2021,M08,2021 Aug,7.2,08,2021-08-01,New Jersey
2021,M09,2021 Sep,7.1,09,2021-09-01,New Jersey
2019,M01,2019 Jan,5.2,01,2019-01-01,New Mexico
2019,M02,2019 Feb,5.1,02,2019-02-01,New Mexico
2019,M03,2019 Mar,5.1,03,2019-03-01,New Mexico
2019,M04,2019 Apr,5.1,04,2019-04-01,New Mexico
2019,M05,2019 May,5.0,05,2019-05-01,New Mexico
2019,M06,2019 Jun,5.0,06,2019-06-01,New Mexico
2019,M07,2019 Jul,5.0,07,2019-07-01,New Mexico
2019,M08,2019 Aug,5.0,08,2019-08-01,New Mexico
2019,M09,2019 Sep,5.0,09,2019-09-01,New Mexico
2019,M10,2019 Oct,4.9,10,2019-10-01,New Mexico
2019,M11,2019 Nov,4.9,11,2019-11-01,New Mexico
2019,M12,2019 Dec,5.0,12,2019-12-01,New Mexico
2020,M01,2020 Jan,5.1,01,2020-01-01,New Mexico
2020,M02,2020 Feb,5.3,02,2020-02-01,New Mexico
2020,M03,2020 Mar,5.4,03,2020-03-01,New Mexico
2020,M04,2020 Apr,10.0,04,2020-04-01,New Mexico
2020,M05,2020 May,10.0,05,2020-05-01,New Mexico
2020,M06,2020 Jun,9.8,06,2020-06-01,New Mexico
2020,M07,2020 Jul,12.5,07,2020-07-01,New Mexico
2020,M08,2020 Aug,9.3,08,2020-08-01,New Mexico
2020,M09,2020 Sep,8.6,09,2020-09-01,New Mexico
2020,M10,2020 Oct,8.5,10,2020-10-01,New Mexico
2020,M11,2020 Nov,8.5,11,2020-11-01,New Mexico
2020,M12,2020 Dec,8.6,12,2020-12-01,New Mexico
2021,M01,2021 Jan,8.7,01,2021-01-01,New Mexico
2021,M02,2021 Feb,8.3,02,2021-02-01,New Mexico
2021,M03,2021 Mar,8.3,03,2021-03-01,New Mexico
2021,M04,2021 Apr,8.1,04,2021-04-01,New Mexico
2021,M05,2021 May,7.9,05,2021-05-01,New Mexico
2021,M06,2021 Jun,7.9,06,2021-06-01,New Mexico
2021,M07,2021 Jul,7.6,07,2021-07-01,New Mexico
2021,M08,2021 Aug,7.2,08,2021-08-01,New Mexico
2021,M09,2021 Sep,6.9,09,2021-09-01,New Mexico
2019,M01,2019 Jan,4.0,01,2019-01-01,New York
2019,M02,2019 Feb,3.9,02,2019-02-01,New York
2019,M03,2019 Mar,3.9,03,2019-03-01,New York
2019,M04,2019 Apr,3.8,04,2019-04-01,New York
2019,M05,2019 May,3.8,05,2019-05-01,New York
2019,M06,2019 Jun,3.8,06,2019-06-01,New York
2019,M07,2019 Jul,3.8,07,2019-07-01,New York
2019,M08,2019 Aug,3.8,08,2019-08-01,New York
2019,M09,2019 Sep,3.8,09,2019-09-01,New York
2019,M10,2019 Oct,3.8,10,2019-10-01,New York
2019,M11,2019 Nov,3.7,11,2019-11-01,New York
2019,M12,2019 Dec,3.7,12,2019-12-01,New York
2020,M01,2020 Jan,3.8,01,2020-01-01,New York
2020,M02,2020 Feb,3.9,02,2020-02-01,New York
2020,M03,2020 Mar,3.9,03,2020-03-01,New York
2020,M04,2020 Apr,16.2,04,2020-04-01,New York
2020,M05,2020 May,15.7,05,2020-05-01,New York
2020,M06,2020 Jun,15.0,06,2020-06-01,New York
2020,M07,2020 Jul,14.7,07,2020-07-01,New York
2020,M08,2020 Aug,11.7,08,2020-08-01,New York
2020,M09,2020 Sep,10.0,09,2020-09-01,New York
2020,M10,2020 Oct,8.7,10,2020-10-01,New York
2020,M11,2020 Nov,8.7,11,2020-11-01,New York
2020,M12,2020 Dec,8.7,12,2020-12-01,New York
2021,M01,2021 Jan,8.8,01,2021-01-01,New York
2021,M02,2021 Feb,8.9,02,2021-02-01,New York
2021,M03,2021 Mar,8.4,03,2021-03-01,New York
2021,M04,2021 Apr,8.2,04,2021-04-01,New York
2021,M05,2021 May,7.8,05,2021-05-01,New York
2021,M06,2021 Jun,7.7,06,2021-06-01,New York
2021,M07,2021 Jul,7.6,07,2021-07-01,New York
2021,M08,2021 Aug,7.4,08,2021-08-01,New York
2021,M09,2021 Sep,7.1,09,2021-09-01,New York
2019,M01,2019 Jan,4.0,01,2019-01-01,North Carolina
2019,M02,2019 Feb,4.0,02,2019-02-01,North Carolina
2019,M03,2019 Mar,4.0,03,2019-03-01,North Carolina
2019,M04,2019 Apr,3.9,04,2019-04-01,North Carolina
2019,M05,2019 May,3.9,05,2019-05-01,North Carolina
2019,M06,2019 Jun,3.8,06,2019-06-01,North Carolina
2019,M07,2019 Jul,3.8,07,2019-07-01,North Carolina
2019,M08,2019 Aug,3.7,08,2019-08-01,North Carolina
2019,M09,2019 Sep,3.7,09,2019-09-01,North Carolina
2019,M10,2019 Oct,3.6,10,2019-10-01,North Carolina
2019,M11,2019 Nov,3.5,11,2019-11-01,North Carolina
2019,M12,2019 Dec,3.5,12,2019-12-01,North Carolina
2020,M01,2020 Jan,3.5,01,2020-01-01,North Carolina
2020,M02,2020 Feb,3.6,02,2020-02-01,North Carolina
2020,M03,2020 Mar,3.9,03,2020-03-01,North Carolina
2020,M04,2020 Apr,13.5,04,2020-04-01,North Carolina
2020,M05,2020 May,13.5,05,2020-05-01,North Carolina
2020,M06,2020 Jun,8.8,06,2020-06-01,North Carolina
2020,M07,2020 Jul,8.8,07,2020-07-01,North Carolina
2020,M08,2020 Aug,6.8,08,2020-08-01,North Carolina
2020,M09,2020 Sep,7.3,09,2020-09-01,North Carolina
2020,M10,2020 Oct,6.8,10,2020-10-01,North Carolina
2020,M11,2020 Nov,6.4,11,2020-11-01,North Carolina
2020,M12,2020 Dec,6.1,12,2020-12-01,North Carolina
2021,M01,2021 Jan,5.9,01,2021-01-01,North Carolina
2021,M02,2021 Feb,5.7,02,2021-02-01,North Carolina
2021,M03,2021 Mar,5.2,03,2021-03-01,North Carolina
2021,M04,2021 Apr,5.0,04,2021-04-01,North Carolina
2021,M05,2021 May,4.8,05,2021-05-01,North Carolina
2021,M06,2021 Jun,4.6,06,2021-06-01,North Carolina
2021,M07,2021 Jul,4.4,07,2021-07-01,North Carolina
2021,M08,2021 Aug,4.3,08,2021-08-01,North Carolina
2021,M09,2021 Sep,4.2,09,2021-09-01,North Carolina
2019,M01,2019 Jan,2.3,01,2019-01-01,North Dakota
2019,M02,2019 Feb,2.3,02,2019-02-01,North Dakota
2019,M03,2019 Mar,2.3,03,2019-03-01,North Dakota
2019,M04,2019 Apr,2.3,04,2019-04-01,North Dakota
2019,M05,2019 May,2.3,05,2019-05-01,North Dakota
2019,M06,2019 Jun,2.3,06,2019-06-01,North Dakota
2019,M07,2019 Jul,2.4,07,2019-07-01,North Dakota
2019,M08,2019 Aug,2.4,08,2019-08-01,North Dakota
2019,M09,2019 Sep,2.3,09,2019-09-01,North Dakota
2019,M10,2019 Oct,2.3,10,2019-10-01,North Dakota
2019,M11,2019 Nov,2.3,11,2019-11-01,North Dakota
2019,M12,2019 Dec,2.2,12,2019-12-01,North Dakota
2020,M01,2020 Jan,2.2,01,2020-01-01,North Dakota
2020,M02,2020 Feb,2.3,02,2020-02-01,North Dakota
2020,M03,2020 Mar,2.3,03,2020-03-01,North Dakota
2020,M04,2020 Apr,8.7,04,2020-04-01,North Dakota
2020,M05,2020 May,8.7,05,2020-05-01,North Dakota
2020,M06,2020 Jun,6.2,06,2020-06-01,North Dakota
2020,M07,2020 Jul,6.2,07,2020-07-01,North Dakota
2020,M08,2020 Aug,6.1,08,2020-08-01,North Dakota
2020,M09,2020 Sep,4.7,09,2020-09-01,North Dakota
2020,M10,2020 Oct,4.7,10,2020-10-01,North Dakota
2020,M11,2020 Nov,4.7,11,2020-11-01,North Dakota
2020,M12,2020 Dec,4.7,12,2020-12-01,North Dakota
2021,M01,2021 Jan,4.5,01,2021-01-01,North Dakota
2021,M02,2021 Feb,4.8,02,2021-02-01,North Dakota
2021,M03,2021 Mar,4.4,03,2021-03-01,North Dakota
2021,M04,2021 Apr,4.2,04,2021-04-01,North Dakota
2021,M05,2021 May,4.0,05,2021-05-01,North Dakota
2021,M06,2021 Jun,4.0,06,2021-06-01,North Dakota
2021,M07,2021 Jul,3.9,07,2021-07-01,North Dakota
2021,M08,2021 Aug,3.6,08,2021-08-01,North Dakota
2021,M09,2021 Sep,3.5,09,2021-09-01,North Dakota
2019,M01,2019 Jan,4.3,01,2019-01-01,Ohio
2019,M02,2019 Feb,4.2,02,2019-02-01,Ohio
2019,M03,2019 Mar,4.1,03,2019-03-01,Ohio
2019,M04,2019 Apr,4.0,04,2019-04-01,Ohio
2019,M05,2019 May,4.0,05,2019-05-01,Ohio
2019,M06,2019 Jun,4.1,06,2019-06-01,Ohio
2019,M07,2019 Jul,4.2,07,2019-07-01,Ohio
2019,M08,2019 Aug,4.2,08,2019-08-01,Ohio
2019,M09,2019 Sep,4.2,09,2019-09-01,Ohio
2019,M10,2019 Oct,4.2,10,2019-10-01,Ohio
2019,M11,2019 Nov,4.2,11,2019-11-01,Ohio
2019,M12,2019 Dec,4.3,12,2019-12-01,Ohio
2020,M01,2020 Jan,4.5,01,2020-01-01,Ohio
2020,M02,2020 Feb,4.7,02,2020-02-01,Ohio
2020,M03,2020 Mar,4.9,03,2020-03-01,Ohio
2020,M04,2020 Apr,16.4,04,2020-04-01,Ohio
2020,M05,2020 May,14.9,05,2020-05-01,Ohio
2020,M06,2020 Jun,10.3,06,2020-06-01,Ohio
2020,M07,2020 Jul,9.3,07,2020-07-01,Ohio
2020,M08,2020 Aug,9.0,08,2020-08-01,Ohio
2020,M09,2020 Sep,7.4,09,2020-09-01,Ohio
2020,M10,2020 Oct,5.6,10,2020-10-01,Ohio
2020,M11,2020 Nov,5.6,11,2020-11-01,Ohio
2020,M12,2020 Dec,5.6,12,2020-12-01,Ohio
2021,M01,2021 Jan,5.3,01,2021-01-01,Ohio
2021,M02,2021 Feb,5.0,02,2021-02-01,Ohio
2021,M03,2021 Mar,4.7,03,2021-03-01,Ohio
2021,M04,2021 Apr,4.7,04,2021-04-01,Ohio
2021,M05,2021 May,5.0,05,2021-05-01,Ohio
2021,M06,2021 Jun,5.2,06,2021-06-01,Ohio
2021,M07,2021 Jul,5.4,07,2021-07-01,Ohio
2021,M08,2021 Aug,5.4,08,2021-08-01,Ohio
2021,M09,2021 Sep,5.4,09,2021-09-01,Ohio
2019,M01,2019 Jan,3.2,01,2019-01-01,Oklahoma
2019,M02,2019 Feb,3.2,02,2019-02-01,Oklahoma
2019,M03,2019 Mar,3.1,03,2019-03-01,Oklahoma
2019,M04,2019 Apr,3.1,04,2019-04-01,Oklahoma
2019,M05,2019 May,3.0,05,2019-05-01,Oklahoma
2019,M06,2019 Jun,3.0,06,2019-06-01,Oklahoma
2019,M07,2019 Jul,3.1,07,2019-07-01,Oklahoma
2019,M08,2019 Aug,3.1,08,2019-08-01,Oklahoma
2019,M09,2019 Sep,3.1,09,2019-09-01,Oklahoma
2019,M10,2019 Oct,3.1,10,2019-10-01,Oklahoma
2019,M11,2019 Nov,3.1,11,2019-11-01,Oklahoma
2019,M12,2019 Dec,3.0,12,2019-12-01,Oklahoma
2020,M01,2020 Jan,3.1,01,2020-01-01,Oklahoma
2020,M02,2020 Feb,3.1,02,2020-02-01,Oklahoma
2020,M03,2020 Mar,3.2,03,2020-03-01,Oklahoma
2020,M04,2020 Apr,13.0,04,2020-04-01,Oklahoma
2020,M05,2020 May,9.5,05,2020-05-01,Oklahoma
2020,M06,2020 Jun,8.2,06,2020-06-01,Oklahoma
2020,M07,2020 Jul,7.2,07,2020-07-01,Oklahoma
2020,M08,2020 Aug,6.3,08,2020-08-01,Oklahoma
2020,M09,2020 Sep,5.7,09,2020-09-01,Oklahoma
2020,M10,2020 Oct,5.2,10,2020-10-01,Oklahoma
2020,M11,2020 Nov,4.8,11,2020-11-01,Oklahoma
2020,M12,2020 Dec,4.5,12,2020-12-01,Oklahoma
2021,M01,2021 Jan,4.4,01,2021-01-01,Oklahoma
2021,M02,2021 Feb,4.4,02,2021-02-01,Oklahoma
2021,M03,2021 Mar,4.3,03,2021-03-01,Oklahoma
2021,M04,2021 Apr,4.1,04,2021-04-01,Oklahoma
2021,M05,2021 May,3.9,05,2021-05-01,Oklahoma
2021,M06,2021 Jun,3.7,06,2021-06-01,Oklahoma
2021,M07,2021 Jul,3.5,07,2021-07-01,Oklahoma
2021,M08,2021 Aug,3.3,08,2021-08-01,Oklahoma
2021,M09,2021 Sep,3.0,09,2021-09-01,Oklahoma
2019,M01,2019 Jan,4.2,01,2019-01-01,Oregon
2019,M02,2019 Feb,4.1,02,2019-02-01,Oregon
2019,M03,2019 Mar,4.0,03,2019-03-01,Oregon
2019,M04,2019 Apr,3.9,04,2019-04-01,Oregon
2019,M05,2019 May,3.8,05,2019-05-01,Oregon
2019,M06,2019 Jun,3.7,06,2019-06-01,Oregon
2019,M07,2019 Jul,3.7,07,2019-07-01,Oregon
2019,M08,2019 Aug,3.6,08,2019-08-01,Oregon
2019,M09,2019 Sep,3.5,09,2019-09-01,Oregon
2019,M10,2019 Oct,3.4,10,2019-10-01,Oregon
2019,M11,2019 Nov,3.3,11,2019-11-01,Oregon
2019,M12,2019 Dec,3.3,12,2019-12-01,Oregon
2020,M01,2020 Jan,3.4,01,2020-01-01,Oregon
2020,M02,2020 Feb,3.5,02,2020-02-01,Oregon
2020,M03,2020 Mar,3.6,03,2020-03-01,Oregon
2020,M04,2020 Apr,13.2,04,2020-04-01,Oregon
2020,M05,2020 May,11.7,05,2020-05-01,Oregon
2020,M06,2020 Jun,10.3,06,2020-06-01,Oregon
2020,M07,2020 Jul,9.6,07,2020-07-01,Oregon
2020,M08,2020 Aug,8.4,08,2020-08-01,Oregon
2020,M09,2020 Sep,7.5,09,2020-09-01,Oregon
2020,M10,2020 Oct,7.0,10,2020-10-01,Oregon
2020,M11,2020 Nov,6.6,11,2020-11-01,Oregon
2020,M12,2020 Dec,6.3,12,2020-12-01,Oregon
2021,M01,2021 Jan,6.2,01,2021-01-01,Oregon
2021,M02,2021 Feb,6.1,02,2021-02-01,Oregon
2021,M03,2021 Mar,6.0,03,2021-03-01,Oregon
2021,M04,2021 Apr,5.9,04,2021-04-01,Oregon
2021,M05,2021 May,5.8,05,2021-05-01,Oregon
2021,M06,2021 Jun,5.6,06,2021-06-01,Oregon
2021,M07,2021 Jul,5.2,07,2021-07-01,Oregon
2021,M08,2021 Aug,5.0,08,2021-08-01,Oregon
2021,M09,2021 Sep,4.7,09,2021-09-01,Oregon
2019,M01,2019 Jan,4.3,01,2019-01-01,Pennsylvania
2019,M02,2019 Feb,4.3,02,2019-02-01,Pennsylvania
2019,M03,2019 Mar,4.3,03,2019-03-01,Pennsylvania
2019,M04,2019 Apr,4.3,04,2019-04-01,Pennsylvania
2019,M05,2019 May,4.3,05,2019-05-01,Pennsylvania
2019,M06,2019 Jun,4.4,06,2019-06-01,Pennsylvania
2019,M07,2019 Jul,4.4,07,2019-07-01,Pennsylvania
2019,M08,2019 Aug,4.5,08,2019-08-01,Pennsylvania
2019,M09,2019 Sep,4.6,09,2019-09-01,Pennsylvania
2019,M10,2019 Oct,4.6,10,2019-10-01,Pennsylvania
2019,M11,2019 Nov,4.7,11,2019-11-01,Pennsylvania
2019,M12,2019 Dec,4.7,12,2019-12-01,Pennsylvania
2020,M01,2020 Jan,4.8,01,2020-01-01,Pennsylvania
2020,M02,2020 Feb,5.0,02,2020-02-01,Pennsylvania
2020,M03,2020 Mar,5.1,03,2020-03-01,Pennsylvania
2020,M04,2020 Apr,16.2,04,2020-04-01,Pennsylvania
2020,M05,2020 May,13.5,05,2020-05-01,Pennsylvania
2020,M06,2020 Jun,13.3,06,2020-06-01,Pennsylvania
2020,M07,2020 Jul,13.0,07,2020-07-01,Pennsylvania
2020,M08,2020 Aug,10.2,08,2020-08-01,Pennsylvania
2020,M09,2020 Sep,7.1,09,2020-09-01,Pennsylvania
2020,M10,2020 Oct,7.0,10,2020-10-01,Pennsylvania
2020,M11,2020 Nov,7.1,11,2020-11-01,Pennsylvania
2020,M12,2020 Dec,7.1,12,2020-12-01,Pennsylvania
2021,M01,2021 Jan,7.3,01,2021-01-01,Pennsylvania
2021,M02,2021 Feb,7.4,02,2021-02-01,Pennsylvania
2021,M03,2021 Mar,7.3,03,2021-03-01,Pennsylvania
2021,M04,2021 Apr,7.1,04,2021-04-01,Pennsylvania
2021,M05,2021 May,7.0,05,2021-05-01,Pennsylvania
2021,M06,2021 Jun,6.9,06,2021-06-01,Pennsylvania
2021,M07,2021 Jul,6.5,07,2021-07-01,Pennsylvania
2021,M08,2021 Aug,6.4,08,2021-08-01,Pennsylvania
2021,M09,2021 Sep,6.2,09,2021-09-01,Pennsylvania
2019,M01,2019 Jan,3.8,01,2019-01-01,Rhode Island
2019,M02,2019 Feb,3.7,02,2019-02-01,Rhode Island
2019,M03,2019 Mar,3.6,03,2019-03-01,Rhode Island
2019,M04,2019 Apr,3.5,04,2019-04-01,Rhode Island
2019,M05,2019 May,3.5,05,2019-05-01,Rhode Island
2019,M06,2019 Jun,3.6,06,2019-06-01,Rhode Island
2019,M07,2019 Jul,3.6,07,2019-07-01,Rhode Island
2019,M08,2019 Aug,3.6,08,2019-08-01,Rhode Island
2019,M09,2019 Sep,3.6,09,2019-09-01,Rhode Island
2019,M10,2019 Oct,3.6,10,2019-10-01,Rhode Island
2019,M11,2019 Nov,3.6,11,2019-11-01,Rhode Island
2019,M12,2019 Dec,3.6,12,2019-12-01,Rhode Island
2020,M01,2020 Jan,3.8,01,2020-01-01,Rhode Island
2020,M02,2020 Feb,4.0,02,2020-02-01,Rhode Island
2020,M03,2020 Mar,4.0,03,2020-03-01,Rhode Island
2020,M04,2020 Apr,17.4,04,2020-04-01,Rhode Island
2020,M05,2020 May,12.9,05,2020-05-01,Rhode Island
2020,M06,2020 Jun,10.9,06,2020-06-01,Rhode Island
2020,M07,2020 Jul,14.0,07,2020-07-01,Rhode Island
2020,M08,2020 Aug,12.6,08,2020-08-01,Rhode Island
2020,M09,2020 Sep,10.9,09,2020-09-01,Rhode Island
2020,M10,2020 Oct,7.3,10,2020-10-01,Rhode Island
2020,M11,2020 Nov,7.9,11,2020-11-01,Rhode Island
2020,M12,2020 Dec,7.9,12,2020-12-01,Rhode Island
2021,M01,2021 Jan,7.2,01,2021-01-01,Rhode Island
2021,M02,2021 Feb,7.3,02,2021-02-01,Rhode Island
2021,M03,2021 Mar,7.0,03,2021-03-01,Rhode Island
2021,M04,2021 Apr,6.3,04,2021-04-01,Rhode Island
2021,M05,2021 May,6.0,05,2021-05-01,Rhode Island
2021,M06,2021 Jun,5.9,06,2021-06-01,Rhode Island
2021,M07,2021 Jul,5.7,07,2021-07-01,Rhode Island
2021,M08,2021 Aug,5.8,08,2021-08-01,Rhode Island
2021,M09,2021 Sep,5.2,09,2021-09-01,Rhode Island
2019,M01,2019 Jan,3.2,01,2019-01-01,South Carolina
2019,M02,2019 Feb,3.2,02,2019-02-01,South Carolina
2019,M03,2019 Mar,3.2,03,2019-03-01,South Carolina
2019,M04,2019 Apr,3.1,04,2019-04-01,South Carolina
2019,M05,2019 May,2.9,05,2019-05-01,South Carolina
2019,M06,2019 Jun,2.7,06,2019-06-01,South Carolina
2019,M07,2019 Jul,2.6,07,2019-07-01,South Carolina
2019,M08,2019 Aug,2.4,08,2019-08-01,South Carolina
2019,M09,2019 Sep,2.4,09,2019-09-01,South Carolina
2019,M10,2019 Oct,2.4,10,2019-10-01,South Carolina
2019,M11,2019 Nov,2.4,11,2019-11-01,South Carolina
2019,M12,2019 Dec,2.5,12,2019-12-01,South Carolina
2020,M01,2020 Jan,2.6,01,2020-01-01,South Carolina
2020,M02,2020 Feb,2.8,02,2020-02-01,South Carolina
2020,M03,2020 Mar,3.0,03,2020-03-01,South Carolina
2020,M04,2020 Apr,11.5,04,2020-04-01,South Carolina
2020,M05,2020 May,11.5,05,2020-05-01,South Carolina
2020,M06,2020 Jun,7.7,06,2020-06-01,South Carolina
2020,M07,2020 Jul,7.6,07,2020-07-01,South Carolina
2020,M08,2020 Aug,5.4,08,2020-08-01,South Carolina
2020,M09,2020 Sep,5.4,09,2020-09-01,South Carolina
2020,M10,2020 Oct,5.4,10,2020-10-01,South Carolina
2020,M11,2020 Nov,5.6,11,2020-11-01,South Carolina
2020,M12,2020 Dec,5.6,12,2020-12-01,South Carolina
2021,M01,2021 Jan,5.3,01,2021-01-01,South Carolina
2021,M02,2021 Feb,5.2,02,2021-02-01,South Carolina
2021,M03,2021 Mar,5.1,03,2021-03-01,South Carolina
2021,M04,2021 Apr,5.0,04,2021-04-01,South Carolina
2021,M05,2021 May,4.6,05,2021-05-01,South Carolina
2021,M06,2021 Jun,4.5,06,2021-06-01,South Carolina
2021,M07,2021 Jul,4.3,07,2021-07-01,South Carolina
2021,M08,2021 Aug,4.2,08,2021-08-01,South Carolina
2021,M09,2021 Sep,4.1,09,2021-09-01,South Carolina
2019,M01,2019 Jan,3.0,01,2019-01-01,South Dakota
2019,M02,2019 Feb,3.0,02,2019-02-01,South Dakota
2019,M03,2019 Mar,3.0,03,2019-03-01,South Dakota
2019,M04,2019 Apr,3.0,04,2019-04-01,South Dakota
2019,M05,2019 May,3.0,05,2019-05-01,South Dakota
2019,M06,2019 Jun,3.0,06,2019-06-01,South Dakota
2019,M07,2019 Jul,3.0,07,2019-07-01,South Dakota
2019,M08,2019 Aug,3.0,08,2019-08-01,South Dakota
2019,M09,2019 Sep,3.0,09,2019-09-01,South Dakota
2019,M10,2019 Oct,3.0,10,2019-10-01,South Dakota
2019,M11,2019 Nov,2.9,11,2019-11-01,South Dakota
2019,M12,2019 Dec,2.9,12,2019-12-01,South Dakota
2020,M01,2020 Jan,2.9,01,2020-01-01,South Dakota
2020,M02,2020 Feb,2.9,02,2020-02-01,South Dakota
2020,M03,2020 Mar,2.9,03,2020-03-01,South Dakota
2020,M04,2020 Apr,9.2,04,2020-04-01,South Dakota
2020,M05,2020 May,7.0,05,2020-05-01,South Dakota
2020,M06,2020 Jun,6.1,06,2020-06-01,South Dakota
2020,M07,2020 Jul,5.4,07,2020-07-01,South Dakota
2020,M08,2020 Aug,4.7,08,2020-08-01,South Dakota
2020,M09,2020 Sep,4.0,09,2020-09-01,South Dakota
2020,M10,2020 Oct,3.7,10,2020-10-01,South Dakota
2020,M11,2020 Nov,3.6,11,2020-11-01,South Dakota
2020,M12,2020 Dec,3.3,12,2020-12-01,South Dakota
2021,M01,2021 Jan,3.1,01,2021-01-01,South Dakota
2021,M02,2021 Feb,3.0,02,2021-02-01,South Dakota
2021,M03,2021 Mar,2.9,03,2021-03-01,South Dakota
2021,M04,2021 Apr,2.8,04,2021-04-01,South Dakota
2021,M05,2021 May,2.8,05,2021-05-01,South Dakota
2021,M06,2021 Jun,2.9,06,2021-06-01,South Dakota
2021,M07,2021 Jul,2.9,07,2021-07-01,South Dakota
2021,M08,2021 Aug,2.9,08,2021-08-01,South Dakota
2021,M09,2021 Sep,2.9,09,2021-09-01,South Dakota
2019,M01,2019 Jan,3.4,01,2019-01-01,Tennessee
2019,M02,2019 Feb,3.4,02,2019-02-01,Tennessee
2019,M03,2019 Mar,3.3,03,2019-03-01,Tennessee
2019,M04,2019 Apr,3.3,04,2019-04-01,Tennessee
2019,M05,2019 May,3.3,05,2019-05-01,Tennessee
2019,M06,2019 Jun,3.3,06,2019-06-01,Tennessee
2019,M07,2019 Jul,3.3,07,2019-07-01,Tennessee
2019,M08,2019 Aug,3.3,08,2019-08-01,Tennessee
2019,M09,2019 Sep,3.4,09,2019-09-01,Tennessee
2019,M10,2019 Oct,3.4,10,2019-10-01,Tennessee
2019,M11,2019 Nov,3.5,11,2019-11-01,Tennessee
2019,M12,2019 Dec,3.6,12,2019-12-01,Tennessee
2020,M01,2020 Jan,3.7,01,2020-01-01,Tennessee
2020,M02,2020 Feb,3.9,02,2020-02-01,Tennessee
2020,M03,2020 Mar,4.0,03,2020-03-01,Tennessee
2020,M04,2020 Apr,15.8,04,2020-04-01,Tennessee
2020,M05,2020 May,9.6,05,2020-05-01,Tennessee
2020,M06,2020 Jun,9.3,06,2020-06-01,Tennessee
2020,M07,2020 Jul,8.9,07,2020-07-01,Tennessee
2020,M08,2020 Aug,8.1,08,2020-08-01,Tennessee
2020,M09,2020 Sep,7.9,09,2020-09-01,Tennessee
2020,M10,2020 Oct,7.8,10,2020-10-01,Tennessee
2020,M11,2020 Nov,5.6,11,2020-11-01,Tennessee
2020,M12,2020 Dec,5.6,12,2020-12-01,Tennessee
2021,M01,2021 Jan,5.1,01,2021-01-01,Tennessee
2021,M02,2021 Feb,4.9,02,2021-02-01,Tennessee
2021,M03,2021 Mar,5.1,03,2021-03-01,Tennessee
2021,M04,2021 Apr,5.0,04,2021-04-01,Tennessee
2021,M05,2021 May,5.0,05,2021-05-01,Tennessee
2021,M06,2021 Jun,4.9,06,2021-06-01,Tennessee
2021,M07,2021 Jul,4.7,07,2021-07-01,Tennessee
2021,M08,2021 Aug,4.6,08,2021-08-01,Tennessee
2021,M09,2021 Sep,4.4,09,2021-09-01,Tennessee
2019,M01,2019 Jan,3.7,01,2019-01-01,Texas
2019,M02,2019 Feb,3.6,02,2019-02-01,Texas
2019,M03,2019 Mar,3.5,03,2019-03-01,Texas
2019,M04,2019 Apr,3.5,04,2019-04-01,Texas
2019,M05,2019 May,3.4,05,2019-05-01,Texas
2019,M06,2019 Jun,3.4,06,2019-06-01,Texas
2019,M07,2019 Jul,3.5,07,2019-07-01,Texas
2019,M08,2019 Aug,3.5,08,2019-08-01,Texas
2019,M09,2019 Sep,3.5,09,2019-09-01,Texas
2019,M10,2019 Oct,3.5,10,2019-10-01,Texas
2019,M11,2019 Nov,3.5,11,2019-11-01,Texas
2019,M12,2019 Dec,3.5,12,2019-12-01,Texas
2020,M01,2020 Jan,3.6,01,2020-01-01,Texas
2020,M02,2020 Feb,3.7,02,2020-02-01,Texas
2020,M03,2020 Mar,4.9,03,2020-03-01,Texas
2020,M04,2020 Apr,12.9,04,2020-04-01,Texas
2020,M05,2020 May,11.6,05,2020-05-01,Texas
2020,M06,2020 Jun,10.2,06,2020-06-01,Texas
2020,M07,2020 Jul,9.3,07,2020-07-01,Texas
2020,M08,2020 Aug,6.9,08,2020-08-01,Texas
2020,M09,2020 Sep,7.9,09,2020-09-01,Texas
2020,M10,2020 Oct,7.3,10,2020-10-01,Texas
2020,M11,2020 Nov,7.2,11,2020-11-01,Texas
2020,M12,2020 Dec,6.9,12,2020-12-01,Texas
2021,M01,2021 Jan,6.8,01,2021-01-01,Texas
2021,M02,2021 Feb,6.9,02,2021-02-01,Texas
2021,M03,2021 Mar,6.9,03,2021-03-01,Texas
2021,M04,2021 Apr,6.7,04,2021-04-01,Texas
2021,M05,2021 May,6.6,05,2021-05-01,Texas
2021,M06,2021 Jun,6.5,06,2021-06-01,Texas
2021,M07,2021 Jul,6.2,07,2021-07-01,Texas
2021,M08,2021 Aug,5.9,08,2021-08-01,Texas
2021,M09,2021 Sep,5.6,09,2021-09-01,Texas
2019,M01,2019 Jan,2.8,01,2019-01-01,Utah
2019,M02,2019 Feb,2.7,02,2019-02-01,Utah
2019,M03,2019 Mar,2.7,03,2019-03-01,Utah
2019,M04,2019 Apr,2.6,04,2019-04-01,Utah
2019,M05,2019 May,2.6,05,2019-05-01,Utah
2019,M06,2019 Jun,2.5,06,2019-06-01,Utah
2019,M07,2019 Jul,2.5,07,2019-07-01,Utah
2019,M08,2019 Aug,2.5,08,2019-08-01,Utah
2019,M09,2019 Sep,2.4,09,2019-09-01,Utah
2019,M10,2019 Oct,2.4,10,2019-10-01,Utah
2019,M11,2019 Nov,2.4,11,2019-11-01,Utah
2019,M12,2019 Dec,2.4,12,2019-12-01,Utah
2020,M01,2020 Jan,2.4,01,2020-01-01,Utah
2020,M02,2020 Feb,2.5,02,2020-02-01,Utah
2020,M03,2020 Mar,2.5,03,2020-03-01,Utah
2020,M04,2020 Apr,10.1,04,2020-04-01,Utah
2020,M05,2020 May,7.6,05,2020-05-01,Utah
2020,M06,2020 Jun,6.3,06,2020-06-01,Utah
2020,M07,2020 Jul,5.4,07,2020-07-01,Utah
2020,M08,2020 Aug,4.8,08,2020-08-01,Utah
2020,M09,2020 Sep,4.2,09,2020-09-01,Utah
2020,M10,2020 Oct,3.8,10,2020-10-01,Utah
2020,M11,2020 Nov,3.5,11,2020-11-01,Utah
2020,M12,2020 Dec,3.3,12,2020-12-01,Utah
2021,M01,2021 Jan,3.1,01,2021-01-01,Utah
2021,M02,2021 Feb,3.0,02,2021-02-01,Utah
2021,M03,2021 Mar,2.9,03,2021-03-01,Utah
2021,M04,2021 Apr,2.8,04,2021-04-01,Utah
2021,M05,2021 May,2.7,05,2021-05-01,Utah
2021,M06,2021 Jun,2.7,06,2021-06-01,Utah
2021,M07,2021 Jul,2.6,07,2021-07-01,Utah
2021,M08,2021 Aug,2.5,08,2021-08-01,Utah
2021,M09,2021 Sep,2.4,09,2021-09-01,Utah
2019,M01,2019 Jan,2.2,01,2019-01-01,Vermont
2019,M02,2019 Feb,2.2,02,2019-02-01,Vermont
2019,M03,2019 Mar,2.2,03,2019-03-01,Vermont
2019,M04,2019 Apr,2.2,04,2019-04-01,Vermont
2019,M05,2019 May,2.2,05,2019-05-01,Vermont
2019,M06,2019 Jun,2.2,06,2019-06-01,Vermont
2019,M07,2019 Jul,2.3,07,2019-07-01,Vermont
2019,M08,2019 Aug,2.3,08,2019-08-01,Vermont
2019,M09,2019 Sep,2.4,09,2019-09-01,Vermont
2019,M10,2019 Oct,2.5,10,2019-10-01,Vermont
2019,M11,2019 Nov,2.5,11,2019-11-01,Vermont
2019,M12,2019 Dec,2.5,12,2019-12-01,Vermont
2020,M01,2020 Jan,2.5,01,2020-01-01,Vermont
2020,M02,2020 Feb,2.5,02,2020-02-01,Vermont
2020,M03,2020 Mar,2.6,03,2020-03-01,Vermont
2020,M04,2020 Apr,14.8,04,2020-04-01,Vermont
2020,M05,2020 May,9.3,05,2020-05-01,Vermont
2020,M06,2020 Jun,7.7,06,2020-06-01,Vermont
2020,M07,2020 Jul,6.4,07,2020-07-01,Vermont
2020,M08,2020 Aug,5.4,08,2020-08-01,Vermont
2020,M09,2020 Sep,4.6,09,2020-09-01,Vermont
2020,M10,2020 Oct,4.0,10,2020-10-01,Vermont
2020,M11,2020 Nov,3.7,11,2020-11-01,Vermont
2020,M12,2020 Dec,3.5,12,2020-12-01,Vermont
2021,M01,2021 Jan,3.2,01,2021-01-01,Vermont
2021,M02,2021 Feb,3.0,02,2021-02-01,Vermont
2021,M03,2021 Mar,2.9,03,2021-03-01,Vermont
2021,M04,2021 Apr,2.9,04,2021-04-01,Vermont
2021,M05,2021 May,3.0,05,2021-05-01,Vermont
2021,M06,2021 Jun,3.1,06,2021-06-01,Vermont
2021,M07,2021 Jul,3.0,07,2021-07-01,Vermont
2021,M08,2021 Aug,3.0,08,2021-08-01,Vermont
2021,M09,2021 Sep,2.9,09,2021-09-01,Vermont
2019,M01,2019 Jan,2.9,01,2019-01-01,Virginia
2019,M02,2019 Feb,2.9,02,2019-02-01,Virginia
2019,M03,2019 Mar,2.8,03,2019-03-01,Virginia
2019,M04,2019 Apr,2.8,04,2019-04-01,Virginia
2019,M05,2019 May,2.7,05,2019-05-01,Virginia
2019,M06,2019 Jun,2.6,06,2019-06-01,Virginia
2019,M07,2019 Jul,2.6,07,2019-07-01,Virginia
2019,M08,2019 Aug,2.6,08,2019-08-01,Virginia
2019,M09,2019 Sep,2.6,09,2019-09-01,Virginia
2019,M10,2019 Oct,2.5,10,2019-10-01,Virginia
2019,M11,2019 Nov,2.5,11,2019-11-01,Virginia
2019,M12,2019 Dec,2.5,12,2019-12-01,Virginia
2020,M01,2020 Jan,2.5,01,2020-01-01,Virginia
2020,M02,2020 Feb,2.5,02,2020-02-01,Virginia
2020,M03,2020 Mar,2.6,03,2020-03-01,Virginia
2020,M04,2020 Apr,11.3,04,2020-04-01,Virginia
2020,M05,2020 May,8.5,05,2020-05-01,Virginia
2020,M06,2020 Jun,8.8,06,2020-06-01,Virginia
2020,M07,2020 Jul,7.9,07,2020-07-01,Virginia
2020,M08,2020 Aug,7.0,08,2020-08-01,Virginia
2020,M09,2020 Sep,6.6,09,2020-09-01,Virginia
2020,M10,2020 Oct,6.1,10,2020-10-01,Virginia
2020,M11,2020 Nov,5.8,11,2020-11-01,Virginia
2020,M12,2020 Dec,5.6,12,2020-12-01,Virginia
2021,M01,2021 Jan,5.3,01,2021-01-01,Virginia
2021,M02,2021 Feb,5.2,02,2021-02-01,Virginia
2021,M03,2021 Mar,5.1,03,2021-03-01,Virginia
2021,M04,2021 Apr,4.7,04,2021-04-01,Virginia
2021,M05,2021 May,4.5,05,2021-05-01,Virginia
2021,M06,2021 Jun,4.3,06,2021-06-01,Virginia
2021,M07,2021 Jul,4.2,07,2021-07-01,Virginia
2021,M08,2021 Aug,4.0,08,2021-08-01,Virginia
2021,M09,2021 Sep,3.8,09,2021-09-01,Virginia
2019,M01,2019 Jan,4.5,01,2019-01-01,Washington
2019,M02,2019 Feb,4.5,02,2019-02-01,Washington
2019,M03,2019 Mar,4.4,03,2019-03-01,Washington
2019,M04,2019 Apr,4.3,04,2019-04-01,Washington
2019,M05,2019 May,4.2,05,2019-05-01,Washington
2019,M06,2019 Jun,4.1,06,2019-06-01,Washington
2019,M07,2019 Jul,4.1,07,2019-07-01,Washington
2019,M08,2019 Aug,4.1,08,2019-08-01,Washington
2019,M09,2019 Sep,4.0,09,2019-09-01,Washington
2019,M10,2019 Oct,3.9,10,2019-10-01,Washington
2019,M11,2019 Nov,3.9,11,2019-11-01,Washington
2019,M12,2019 Dec,3.9,12,2019-12-01,Washington
2020,M01,2020 Jan,4.0,01,2020-01-01,Washington
2020,M02,2020 Feb,4.1,02,2020-02-01,Washington
2020,M03,2020 Mar,5.3,03,2020-03-01,Washington
2020,M04,2020 Apr,16.3,04,2020-04-01,Washington
2020,M05,2020 May,12.5,05,2020-05-01,Washington
2020,M06,2020 Jun,10.8,06,2020-06-01,Washington
2020,M07,2020 Jul,10.8,07,2020-07-01,Washington
2020,M08,2020 Aug,9.1,08,2020-08-01,Washington
2020,M09,2020 Sep,8.0,09,2020-09-01,Washington
2020,M10,2020 Oct,7.0,10,2020-10-01,Washington
2020,M11,2020 Nov,6.7,11,2020-11-01,Washington
2020,M12,2020 Dec,6.3,12,2020-12-01,Washington
2021,M01,2021 Jan,6.0,01,2021-01-01,Washington
2021,M02,2021 Feb,5.6,02,2021-02-01,Washington
2021,M03,2021 Mar,5.5,03,2021-03-01,Washington
2021,M04,2021 Apr,5.4,04,2021-04-01,Washington
2021,M05,2021 May,5.2,05,2021-05-01,Washington
2021,M06,2021 Jun,5.2,06,2021-06-01,Washington
2021,M07,2021 Jul,5.1,07,2021-07-01,Washington
2021,M08,2021 Aug,5.1,08,2021-08-01,Washington
2021,M09,2021 Sep,4.9,09,2021-09-01,Washington
2019,M01,2019 Jan,5.0,01,2019-01-01,West Virginia
2019,M02,2019 Feb,5.0,02,2019-02-01,West Virginia
2019,M03,2019 Mar,4.9,03,2019-03-01,West Virginia
2019,M04,2019 Apr,4.8,04,2019-04-01,West Virginia
2019,M05,2019 May,4.8,05,2019-05-01,West Virginia
2019,M06,2019 Jun,4.8,06,2019-06-01,West Virginia
2019,M07,2019 Jul,4.9,07,2019-07-01,West Virginia
2019,M08,2019 Aug,4.9,08,2019-08-01,West Virginia
2019,M09,2019 Sep,5.0,09,2019-09-01,West Virginia
2019,M10,2019 Oct,4.9,10,2019-10-01,West Virginia
2019,M11,2019 Nov,4.9,11,2019-11-01,West Virginia
2019,M12,2019 Dec,4.9,12,2019-12-01,West Virginia
2020,M01,2020 Jan,5.0,01,2020-01-01,West Virginia
2020,M02,2020 Feb,5.1,02,2020-02-01,West Virginia
2020,M03,2020 Mar,5.3,03,2020-03-01,West Virginia
2020,M04,2020 Apr,15.6,04,2020-04-01,West Virginia
2020,M05,2020 May,11.9,05,2020-05-01,West Virginia
2020,M06,2020 Jun,10.5,06,2020-06-01,West Virginia
2020,M07,2020 Jul,9.4,07,2020-07-01,West Virginia
2020,M08,2020 Aug,8.5,08,2020-08-01,West Virginia
2020,M09,2020 Sep,7.9,09,2020-09-01,West Virginia
2020,M10,2020 Oct,7.4,10,2020-10-01,West Virginia
2020,M11,2020 Nov,7.0,11,2020-11-01,West Virginia
2020,M12,2020 Dec,6.7,12,2020-12-01,West Virginia
2021,M01,2021 Jan,6.5,01,2021-01-01,West Virginia
2021,M02,2021 Feb,6.2,02,2021-02-01,West Virginia
2021,M03,2021 Mar,5.9,03,2021-03-01,West Virginia
2021,M04,2021 Apr,5.8,04,2021-04-01,West Virginia
2021,M05,2021 May,5.5,05,2021-05-01,West Virginia
2021,M06,2021 Jun,5.3,06,2021-06-01,West Virginia
2021,M07,2021 Jul,5.0,07,2021-07-01,West Virginia
2021,M08,2021 Aug,4.8,08,2021-08-01,West Virginia
2021,M09,2021 Sep,4.6,09,2021-09-01,West Virginia
2019,M01,2019 Jan,3.1,01,2019-01-01,Wisconsin
2019,M02,2019 Feb,3.1,02,2019-02-01,Wisconsin
2019,M03,2019 Mar,3.2,03,2019-03-01,Wisconsin
2019,M04,2019 Apr,3.2,04,2019-04-01,Wisconsin
2019,M05,2019 May,3.3,05,2019-05-01,Wisconsin
2019,M06,2019 Jun,3.3,06,2019-06-01,Wisconsin
2019,M07,2019 Jul,3.4,07,2019-07-01,Wisconsin
2019,M08,2019 Aug,3.4,08,2019-08-01,Wisconsin
2019,M09,2019 Sep,3.4,09,2019-09-01,Wisconsin
2019,M10,2019 Oct,3.3,10,2019-10-01,Wisconsin
2019,M11,2019 Nov,3.3,11,2019-11-01,Wisconsin
2019,M12,2019 Dec,3.3,12,2019-12-01,Wisconsin
2020,M01,2020 Jan,3.3,01,2020-01-01,Wisconsin
2020,M02,2020 Feb,3.3,02,2020-02-01,Wisconsin
2020,M03,2020 Mar,3.2,03,2020-03-01,Wisconsin
2020,M04,2020 Apr,14.8,04,2020-04-01,Wisconsin
2020,M05,2020 May,10.4,05,2020-05-01,Wisconsin
2020,M06,2020 Jun,8.6,06,2020-06-01,Wisconsin
2020,M07,2020 Jul,7.2,07,2020-07-01,Wisconsin
2020,M08,2020 Aug,6.1,08,2020-08-01,Wisconsin
2020,M09,2020 Sep,5.2,09,2020-09-01,Wisconsin
2020,M10,2020 Oct,4.8,10,2020-10-01,Wisconsin
2020,M11,2020 Nov,4.4,11,2020-11-01,Wisconsin
2020,M12,2020 Dec,4.0,12,2020-12-01,Wisconsin
2021,M01,2021 Jan,3.8,01,2021-01-01,Wisconsin
2021,M02,2021 Feb,3.8,02,2021-02-01,Wisconsin
2021,M03,2021 Mar,3.8,03,2021-03-01,Wisconsin
2021,M04,2021 Apr,3.9,04,2021-04-01,Wisconsin
2021,M05,2021 May,3.9,05,2021-05-01,Wisconsin
2021,M06,2021 Jun,3.9,06,2021-06-01,Wisconsin
2021,M07,2021 Jul,3.9,07,2021-07-01,Wisconsin
2021,M08,2021 Aug,3.9,08,2021-08-01,Wisconsin
2021,M09,2021 Sep,3.9,09,2021-09-01,Wisconsin
2019,M01,2019 Jan,3.7,01,2019-01-01,Wyoming
2019,M02,2019 Feb,3.6,02,2019-02-01,Wyoming
2019,M03,2019 Mar,3.5,03,2019-03-01,Wyoming
2019,M04,2019 Apr,3.5,04,2019-04-01,Wyoming
2019,M05,2019 May,3.5,05,2019-05-01,Wyoming
2019,M06,2019 Jun,3.6,06,2019-06-01,Wyoming
2019,M07,2019 Jul,3.7,07,2019-07-01,Wyoming
2019,M08,2019 Aug,3.8,08,2019-08-01,Wyoming
2019,M09,2019 Sep,3.8,09,2019-09-01,Wyoming
2019,M10,2019 Oct,3.9,10,2019-10-01,Wyoming
2019,M11,2019 Nov,4.0,11,2019-11-01,Wyoming
2019,M12,2019 Dec,4.2,12,2019-12-01,Wyoming
2020,M01,2020 Jan,4.4,01,2020-01-01,Wyoming
2020,M02,2020 Feb,4.8,02,2020-02-01,Wyoming
2020,M03,2020 Mar,5.1,03,2020-03-01,Wyoming
2020,M04,2020 Apr,5.5,04,2020-04-01,Wyoming
2020,M05,2020 May,8.5,05,2020-05-01,Wyoming
2020,M06,2020 Jun,7.4,06,2020-06-01,Wyoming
2020,M07,2020 Jul,6.8,07,2020-07-01,Wyoming
2020,M08,2020 Aug,6.2,08,2020-08-01,Wyoming
2020,M09,2020 Sep,5.7,09,2020-09-01,Wyoming
2020,M10,2020 Oct,5.4,10,2020-10-01,Wyoming
2020,M11,2020 Nov,5.3,11,2020-11-01,Wyoming
2020,M12,2020 Dec,5.2,12,2020-12-01,Wyoming
2021,M01,2021 Jan,5.1,01,2021-01-01,Wyoming
2021,M02,2021 Feb,5.3,02,2021-02-01,Wyoming
2021,M03,2021 Mar,5.3,03,2021-03-01,Wyoming
2021,M04,2021 Apr,5.4,04,2021-04-01,Wyoming
2021,M05,2021 May,5.4,05,2021-05-01,Wyoming
2021,M06,2021 Jun,5.4,06,2021-06-01,Wyoming
2021,M07,2021 Jul,5.2,07,2021-07-01,Wyoming
2021,M08,2021 Aug,4.9,08,2021-08-01,Wyoming
2021,M09,2021 Sep,4.5,09,2021-09-01,Wyoming
2019,M01,2019 Jan,8.6,01,2019-01-01,Puerto Rico
2019,M02,2019 Feb,8.7,02,2019-02-01,Puerto Rico
2019,M03,2019 Mar,8.6,03,2019-03-01,Puerto Rico
2019,M04,2019 Apr,8.4,04,2019-04-01,Puerto Rico
2019,M05,2019 May,8.1,05,2019-05-01,Puerto Rico
2019,M06,2019 Jun,7.7,06,2019-06-01,Puerto Rico
2019,M07,2019 Jul,7.6,07,2019-07-01,Puerto Rico
2019,M08,2019 Aug,7.7,08,2019-08-01,Puerto Rico
2019,M09,2019 Sep,8.0,09,2019-09-01,Puerto Rico
2019,M10,2019 Oct,8.4,10,2019-10-01,Puerto Rico
2019,M11,2019 Nov,8.7,11,2019-11-01,Puerto Rico
2019,M12,2019 Dec,9.0,12,2019-12-01,Puerto Rico
2020,M01,2020 Jan,9.1,01,2020-01-01,Puerto Rico
2020,M02,2020 Feb,9.0,02,2020-02-01,Puerto Rico
2020,M03,2020 Mar,-,03,2020-03-01,Puerto Rico
2020,M04,2020 Apr,-,04,2020-04-01,Puerto Rico
2020,M05,2020 May,8.5,05,2020-05-01,Puerto Rico
2020,M06,2020 Jun,8.4,06,2020-06-01,Puerto Rico
2020,M07,2020 Jul,8.3,07,2020-07-01,Puerto Rico
2020,M08,2020 Aug,8.3,08,2020-08-01,Puerto Rico
2020,M09,2020 Sep,8.6,09,2020-09-01,Puerto Rico
2020,M10,2020 Oct,9.0,10,2020-10-01,Puerto Rico
2020,M11,2020 Nov,9.2,11,2020-11-01,Puerto Rico
2020,M12,2020 Dec,9.2,12,2020-12-01,Puerto Rico
2021,M01,2021 Jan,9.3,01,2021-01-01,Puerto Rico
2021,M02,2021 Feb,9.2,02,2021-02-01,Puerto Rico
2021,M03,2021 Mar,8.8,03,2021-03-01,Puerto Rico
2021,M04,2021 Apr,8.4,04,2021-04-01,Puerto Rico
2021,M05,2021 May,8.2,05,2021-05-01,Puerto Rico
2021,M06,2021 Jun,8.1,06,2021-06-01,Puerto Rico
2021,M07,2021 Jul,8.2,07,2021-07-01,Puerto Rico
2021,M08,2021 Aug,8.4,08,2021-08-01,Puerto Rico
2021,M09,2021 Sep,8.3,09,2021-09-01,Puerto Rico
